{
	"BP_Jelly_C_0_955AE44741817DFD7815F9B7BF37C6AD": [
		{
			"Type": 1,
			"LocationX": 1270.0370060111857,
			"LocationY": -2.9612410164232776,
			"LocationZ": 91.148533319730404,
			"ExtentX": 93.120000064373016,
			"ExtentY": 96,
			"ExtentZ": 92.160000085830688,
			"Yaw": 0,
			"Roll": -0,
			"Pitch": 0
		}
	],
	"BP_Jelly_C_1_1AB430AB4D186CAE1C7703A2BEDADFC9": [
		{
			"Type": 1,
			"LocationX": -6.4046466263789625e-07,
			"LocationY": -2.9612410164153196,
			"LocationZ": 91.148520908279352,
			"ExtentX": 93.120000064373016,
			"ExtentY": 96,
			"ExtentZ": 92.160000085830688,
			"Yaw": 0,
			"Roll": -0,
			"Pitch": 0
		}
	],
	"BP_Jelly_C_2_F5249C834973DDC9DD0F9FB01F0F39A6": [
		{
			"Type": 1,
			"LocationX": -2.6101268844058723e-05,
			"LocationY": -1125.5568492208263,
			"LocationZ": 91.148520908279352,
			"ExtentX": 93.120000064373016,
			"ExtentY": 96,
			"ExtentZ": 92.160000085830688,
			"Yaw": 0,
			"Roll": -0,
			"Pitch": 0
		}
	],
	"BP_Jelly_C_3_88872B8F494A9E1F40AA4E83C82E358B": [
		{
			"Type": 1,
			"LocationX": 2779.8503634811373,
			"LocationY": -1125.5568490164101,
			"LocationZ": 91.148520673442363,
			"ExtentX": 93.120000064373016,
			"ExtentY": 96,
			"ExtentZ": 92.160000085830688,
			"Yaw": 0,
			"Roll": -0,
			"Pitch": 0
		}
	],
	"BP_Jelly_C_4_5F6020C24335D3ECCE4D16A234ECD10B": [
		{
			"Type": 1,
			"LocationX": 2779.8504025543384,
			"LocationY": -3826.9141131669885,
			"LocationZ": 91.148520908279352,
			"ExtentX": 93.120000064373016,
			"ExtentY": 96,
			"ExtentZ": 92.160000085830688,
			"Yaw": 0,
			"Roll": -0,
			"Pitch": 0
		}
	],
	"BP_Jelly_C_5_6218502F4C1ACE130A9E19BB44E632D5": [
		{
			"Type": 1,
			"LocationX": -240.29357316995501,
			"LocationY": -3826.9141130164126,
			"LocationZ": 91.148523902623765,
			"ExtentX": 93.120000064373016,
			"ExtentY": 96,
			"ExtentZ": 92.160000085830688,
			"Yaw": 0,
			"Roll": -0,
			"Pitch": 0
		}
	],
	"BP_Jelly_C_6_D444855042E4A65D8FB2F29BCFF104E9": [
		{
			"Type": 1,
			"LocationX": 645.30878875114706,
			"LocationY": -5497.4378935090062,
			"LocationZ": 91.148521908279236,
			"ExtentX": 93.120000064373016,
			"ExtentY": 96,
			"ExtentZ": 92.160000085830688,
			"Yaw": 0,
			"Roll": -0,
			"Pitch": 0
		}
	],
	"BP_Jelly_C_7_47A83515461667BC7D1C1CA7FF292F4A": [
		{
			"Type": 1,
			"LocationX": 2005.3421991322107,
			"LocationY": -5497.4378930163984,
			"LocationZ": 91.148525960357347,
			"ExtentX": 93.120000064373016,
			"ExtentY": 96,
			"ExtentZ": 92.160000085830688,
			"Yaw": 0,
			"Roll": -0,
			"Pitch": 0
		}
	]
}