{
	"BP_Jelly_C_0_C14625484886C5BA39E3B49D41371EF3": [
		{
			"Type": "Box",
			"LocationX": 1270.0370060111857,
			"LocationY": -2.9612410164232776,
			"LocationZ": 91.148533319730404,
			"ExtentX": 93.120000064373016,
			"ExtentY": 96,
			"ExtentZ": 92.160000085830688,
			"Yaw": 0,
			"Roll": -0,
			"Pitch": 0
		}
	],
	"BP_Jelly_C_1_E07330824B79C42E570353BAB29C91E7": [
		{
			"Type": "Box",
			"LocationX": -6.4046466263789625e-07,
			"LocationY": -2.9612410164153196,
			"LocationZ": 91.148520908279352,
			"ExtentX": 93.120000064373016,
			"ExtentY": 96,
			"ExtentZ": 92.160000085830688,
			"Yaw": 0,
			"Roll": -0,
			"Pitch": 0
		}
	]
}