{
	"BP_Jelly_C_0_CEC81237406B6E35F21EE9BE2144B7C5": [
		{
			"Type": 1,
			"LocationX": 1270.0370077368509,
			"LocationY": 472.88128167964715,
			"LocationZ": 93.000012411450598,
			"ExtentX": 96,
			"ExtentY": 83.372648441232741,
			"ExtentZ": 96,
			"Yaw": 0,
			"Roll": -0,
			"Pitch": 0
		}
	],
	"BP_Jelly_C_1_DD11FB004401DF2CEFCAAC8F0B91D19E": [
		{
			"Type": 1,
			"LocationX": 0,
			"LocationY": -440,
			"LocationZ": 93,
			"ExtentX": 96,
			"ExtentY": 83.372648441232741,
			"ExtentZ": 96,
			"Yaw": 0,
			"Roll": -0,
			"Pitch": 0
		}
	],
	"BP_Jelly_C_2_AA18A628481824CF6B3F6B9F3814682D": [
		{
			"Type": 1,
			"LocationX": 1270.0369945340142,
			"LocationY": -1734.801303946738,
			"LocationZ": 93.000011999999742,
			"ExtentX": 96,
			"ExtentY": 83.372648441232741,
			"ExtentZ": 96,
			"Yaw": 0,
			"Roll": -0,
			"Pitch": 0
		}
	],
	"BP_Jelly_C_3_ABB9102C453429942447498EB714EDEE": [
		{
			"Type": 1,
			"LocationX": 3787.8649920780763,
			"LocationY": -1734.8012967887623,
			"LocationZ": 93.000011999997923,
			"ExtentX": 96,
			"ExtentY": 83.372648441232741,
			"ExtentZ": 96,
			"Yaw": 0,
			"Roll": -0,
			"Pitch": 0
		}
	],
	"BP_Jelly_C_4_E2623DB94B7E85E1CA5C428DA564DEE1": [
		{
			"Type": 1,
			"LocationX": 3787.8650314299584,
			"LocationY": 877.48455268852467,
			"LocationZ": 93.000012000001107,
			"ExtentX": 96,
			"ExtentY": 83.372648441232741,
			"ExtentZ": 96,
			"Yaw": 0,
			"Roll": -0,
			"Pitch": 0
		}
	],
	"BP_Jelly_C_5_AB43B8C24EAA9C344D072C93D318D730": [
		{
			"Type": 1,
			"LocationX": 3787.8650309999998,
			"LocationY": 2365.1534989200554,
			"LocationZ": 93.000009778352023,
			"ExtentX": 96,
			"ExtentY": 83.372648441232741,
			"ExtentZ": 96,
			"Yaw": 0,
			"Roll": -0,
			"Pitch": 0
		}
	],
	"BP_Jelly_C_7_2CFECA5444DE9C81E5360285B6D54AA7": [
		{
			"Type": 1,
			"LocationX": 7213.9197617536956,
			"LocationY": 1090.1534679026508,
			"LocationZ": 93.00000999999952,
			"ExtentX": 96,
			"ExtentY": 83.372648441232741,
			"ExtentZ": 96,
			"Yaw": 0,
			"Roll": -0,
			"Pitch": 0
		}
	],
	"BP_Jelly_C_8_28278952410CA4C6164470BE475997A0": [
		{
			"Type": 1,
			"LocationX": 7873.9197619999995,
			"LocationY": -518.1990793622208,
			"LocationZ": 93.000007618857808,
			"ExtentX": 96,
			"ExtentY": 83.372648441232741,
			"ExtentZ": 96,
			"Yaw": 0,
			"Roll": -0,
			"Pitch": 0
		}
	],
	"BP_Jelly_C_9_624A723B46F94D581CC696B0B6E2944E": [
		{
			"Type": 1,
			"LocationX": 2733,
			"LocationY": -5895,
			"LocationZ": 3553.3125999999975,
			"ExtentX": 182,
			"ExtentY": 158.0606460031704,
			"ExtentZ": 182,
			"Yaw": 0,
			"Roll": -0,
			"Pitch": 0
		}
	],
	"bp_book2_C_0_3BFC47754E1A107759128E865581A8C4": [
		{
			"Type": 1,
			"LocationX": -77,
			"LocationY": -5738,
			"LocationZ": 673,
			"ExtentX": 628,
			"ExtentY": 408,
			"ExtentZ": 353,
			"Yaw": 0,
			"Roll": -0,
			"Pitch": 0
		}
	],
	"bp_book2_C_2_03E0EA4B4F22D24B5698FEB90B55E248": [
		{
			"Type": 1,
			"LocationX": 9388.0000064246851,
			"LocationY": 1769.9999998539845,
			"LocationZ": 1847,
			"ExtentX": 628,
			"ExtentY": 408,
			"ExtentZ": 353,
			"Yaw": 89.999999302826922,
			"Roll": -0,
			"Pitch": 0
		}
	],
	"sm_book1_Blueprint_C_0_3841CFEA430EF6DA87EC5990772EF01E": [
		{
			"Type": 1,
			"LocationX": -638,
			"LocationY": -5696,
			"LocationZ": 2646,
			"ExtentX": 1166,
			"ExtentY": 427,
			"ExtentZ": 388,
			"Yaw": 0,
			"Roll": -0,
			"Pitch": 0
		}
	],
	"sm_book1_Blueprint_C_1_7B1BE629433A585F6F8424947B297DBE": [
		{
			"Type": 1,
			"LocationX": -499.00000167917813,
			"LocationY": -5625.000024068233,
			"LocationZ": 1590,
			"ExtentX": 1166,
			"ExtentY": 427,
			"ExtentZ": 388,
			"Yaw": -179.99999860565401,
			"Roll": 0,
			"Pitch": -0
		}
	],
	"BP_Desk_C_1_2F746F1348C33FF240F2C790D729565E": [
		{
			"Type": 1,
			"LocationX": 9156.9421746589778,
			"LocationY": 5179.8848371484719,
			"LocationZ": 671.9007354996387,
			"ExtentX": -95.836016535758972,
			"ExtentY": -90.62424436211586,
			"ExtentZ": -542.68879896402359,
			"Yaw": -179.99999860565401,
			"Roll": 0,
			"Pitch": -0
		},
		{
			"Type": 1,
			"LocationX": 9172.6856392534355,
			"LocationY": 901.73596860544239,
			"LocationZ": 623.12672775778015,
			"ExtentX": -95.836032000000003,
			"ExtentY": -90.624256000000003,
			"ExtentZ": -542.68880000000001,
			"Yaw": -179.99999860565401,
			"Roll": 0,
			"Pitch": -0
		},
		{
			"Type": 1,
			"LocationX": 9197.7438279007874,
			"LocationY": 905.80815381080811,
			"LocationZ": 54.44105494004657,
			"ExtentX": -73.87673710528982,
			"ExtentY": -90.624256000000003,
			"ExtentZ": -694.82042147998811,
			"Yaw": 1.4229560770859895e-06,
			"Roll": -179.99999997138994,
			"Pitch": 90
		},
		{
			"Type": 1,
			"LocationX": 9197.7437241342595,
			"LocationY": 5180.1493387200117,
			"LocationZ": 54.441209966358883,
			"ExtentX": -73.876735999999994,
			"ExtentY": -90.624256000000003,
			"ExtentZ": -694.82041600000002,
			"Yaw": 1.4229560770859895e-06,
			"Roll": -179.99999997138994,
			"Pitch": 90
		},
		{
			"Type": 1,
			"LocationX": 9875.5066406402639,
			"LocationY": 3120.4910535663298,
			"LocationZ": 1021.1925257963585,
			"ExtentX": -88.091273096019748,
			"ExtentY": -2312.5786943345638,
			"ExtentZ": -1035.9920458219676,
			"Yaw": -179.99999860565401,
			"Roll": 0,
			"Pitch": -0
		},
		{
			"Type": 1,
			"LocationX": 9083.8338708778247,
			"LocationY": 3092.830305656063,
			"LocationZ": 1443.7753944984188,
			"ExtentX": -721.20533520898368,
			"ExtentY": -2251.0602423901641,
			"ExtentZ": -48.467389410498072,
			"Yaw": -179.99999860565401,
			"Roll": 0,
			"Pitch": -0
		}
	],
	"BP_LegoCastle_C_2_A7BC83324AE3956ECA2A13BB43B4762E": [
		{
			"Type": 1,
			"LocationX": -562.94719926080199,
			"LocationY": -5671.0000008248517,
			"LocationZ": 3470.6732782259251,
			"ExtentX": 1078.0238212826102,
			"ExtentY": 441.01005412727204,
			"ExtentZ": -37.356531709440759,
			"Yaw": 2.7886919724551275e-06,
			"Roll": 0,
			"Pitch": 0
		},
		{
			"Type": 1,
			"LocationX": -562.94714532064222,
			"LocationY": -5849.7929530263109,
			"LocationZ": 3817.2434712881254,
			"ExtentX": 442.9257273952378,
			"ExtentY": 176.76248418763967,
			"ExtentZ": 333.99051812901513,
			"Yaw": 2.7886919724551262e-06,
			"Roll": -0,
			"Pitch": 0
		},
		{
			"Type": 1,
			"LocationX": 136.97217705675519,
			"LocationY": -5704.0469693685536,
			"LocationZ": 3674.8869741925851,
			"ExtentX": 220.35462501195036,
			"ExtentY": 299.56114903011058,
			"ExtentZ": 149.79132499609381,
			"Yaw": 2.7886919724551262e-06,
			"Roll": -0,
			"Pitch": 0
		},
		{
			"Type": 1,
			"LocationX": -1237.4456709491483,
			"LocationY": -5704.0470223734274,
			"LocationZ": 3674.8869896293641,
			"ExtentX": 220.35521476318357,
			"ExtentY": 299.56115177490233,
			"ExtentZ": 149.79132087890625,
			"Yaw": 2.7886919724551262e-06,
			"Roll": -0,
			"Pitch": 0
		}
	],
	"BP_bookshelf_C_0_7F537EF441AB1D35B4E1EF93A1C2D19E": [
		{
			"Type": 1,
			"LocationX": -580,
			"LocationY": -5681,
			"LocationZ": 1153.0709007812475,
			"ExtentX": 1139,
			"ExtentY": 625,
			"ExtentZ": 52,
			"Yaw": 0,
			"Roll": -0,
			"Pitch": 0
		},
		{
			"Type": 1,
			"LocationX": -580,
			"LocationY": -5681,
			"LocationZ": 2211.0709007812475,
			"ExtentX": 1139,
			"ExtentY": 625,
			"ExtentZ": 52,
			"Yaw": 0,
			"Roll": -0,
			"Pitch": 0
		},
		{
			"Type": 1,
			"LocationX": -580,
			"LocationY": -5674,
			"LocationZ": 3370.0709007812475,
			"ExtentX": 1139,
			"ExtentY": 625,
			"ExtentZ": 53,
			"Yaw": 0,
			"Roll": -0,
			"Pitch": 0
		},
		{
			"Type": 1,
			"LocationX": -580,
			"LocationY": -5673,
			"LocationZ": 4430.0709007812475,
			"ExtentX": 1139,
			"ExtentY": 625,
			"ExtentZ": 52,
			"Yaw": 0,
			"Roll": -0,
			"Pitch": 0
		},
		{
			"Type": 1,
			"LocationX": -580,
			"LocationY": -5681,
			"LocationZ": 163.07090078124747,
			"ExtentX": 1139,
			"ExtentY": 625,
			"ExtentZ": 160,
			"Yaw": 0,
			"Roll": -0,
			"Pitch": 0
		},
		{
			"Type": 1,
			"LocationX": 606,
			"LocationY": -5681,
			"LocationZ": 2293.0709007812475,