{
	"BP_Present_01_C_0_555D087F4BBA1535E5C3B295EBB84D22": [
		{
			"Type": 1,
			"LocationX": 3091.0069690035593,
			"LocationY": 9224.5869128249524,
			"LocationZ": 293.2864930140945,
			"ExtentX": 97.888800000000003,
			"ExtentY": 95.9131,
			"ExtentZ": 80.063760000000002,
			"Yaw": -99.999999000000017,
			"Roll": 0,
			"Pitch": -0
		}
	],
	"BP_Present_05_C_0_D1D619DF4F92618082F1EA807016F70B": [
		{
			"Type": 1,
			"LocationX": 3134.0069672983991,
			"LocationY": 9458.5869128249524,
			"LocationZ": 85.28649105335586,
			"ExtentX": 97.888805740512908,
			"ExtentY": 95.913083630148321,
			"ExtentZ": 80.063778829062358,
			"Yaw": 0,
			"Roll": -0,
			"Pitch": 0
		}
	]
}