{
	"BP_Jelly1_C_0_634E83834A8FFE31C2086D99431D91A0": [
		{
			"Type": 1,
			"LocationX": 9016.3101489680612,
			"LocationY": 9242.0705788267769,
			"LocationZ": 135.61147016075262,
			"ExtentX": 75,
			"ExtentY": 75,
			"ExtentZ": 75,
			"Yaw": -179.99999860565413,
			"Roll": 0,
			"Pitch": 0,
			"index": 0
		}
	],
	"BP_Jelly1_C_1_D354A8774A1C5A524B871881457042E5": [
		{
			"Type": 1,
			"LocationX": 9016.3102438055485,
			"LocationY": 7293.5629488302657,
			"LocationZ": 135.61147143293232,
			"ExtentX": 75,
			"ExtentY": 75,
			"ExtentZ": 75,
			"Yaw": -179.99999860565413,
			"Roll": 0,
			"Pitch": 0,
			"index": 1
		}
	],
	"BP_Jelly1_C_10_D43D01C249403C5008651DACFB0FB0EB": [
		{
			"Type": 1,
			"LocationX": 4748.8949141004814,
			"LocationY": 13429.851538449482,
			"LocationZ": 135.61147340899097,
			"ExtentX": 75,
			"ExtentY": 75,
			"ExtentZ": 75,
			"Yaw": -179.999999,
			"Roll": 0,
			"Pitch": 0,
			"index": 2
		}
	],
	"BP_Jelly1_C_11_2D3DDF0C4B33FEA67DB515BF67271B5C": [
		{
			"Type": 1,
			"LocationX": 2438.6906434956582,
			"LocationY": 11565.869863920823,
			"LocationZ": 135.61148026532948,
			"ExtentX": 75,
			"ExtentY": 75,
			"ExtentZ": 75,
			"Yaw": -179.99999860565413,
			"Roll": 0,
			"Pitch": 0,
			"index": 3
		}
	],
	"BP_Jelly1_C_12_36B02C004BE7EF4FB0A9FB99452693DA": [
		{
			"Type": 1,
			"LocationX": 9016.3102111983007,
			"LocationY": 7967.0339503635805,
			"LocationZ": 135.61147753932613,
			"ExtentX": 75,
			"ExtentY": 75,
			"ExtentZ": 75,
			"Yaw": -179.99999860565413,
			"Roll": 0,
			"Pitch": 0,
			"index": 4
		}
	],
	"BP_Jelly1_C_13_C76D78554AF3AB616365D4B2DD79F031": [
		{
			"Type": 1,
			"LocationX": 4559.9371603849813,
			"LocationY": 13429.851530175591,
			"LocationZ": 135.61147652521936,
			"ExtentX": 75,
			"ExtentY": 75,
			"ExtentZ": 75,
			"Yaw": -179.999999,
			"Roll": 0,
			"Pitch": 0,
			"index": 5
		}
	],
	"BP_Jelly1_C_14_92BB95974091FD58B57EBA8FE902405D": [
		{
			"Type": 1,
			"LocationX": 7046.5608880886812,
			"LocationY": 16518.354397719384,
			"LocationZ": 135.61148969851675,
			"ExtentX": 75,
			"ExtentY": 75,
			"ExtentZ": 75,
			"Yaw": -179.99999860565413,
			"Roll": 0,
			"Pitch": 0,
			"index": 6
		}
	],
	"BP_Jelly1_C_15_90BAF79440C0EAEFBE0C55BCEC4B004A": [
		{
			"Type": 1,
			"LocationX": 4540.9341378015597,
			"LocationY": 11944.723021269851,
			"LocationZ": 135.6114949812891,
			"ExtentX": 75,
			"ExtentY": 75,
			"ExtentZ": 75,
			"Yaw": -179.999999,
			"Roll": 0,
			"Pitch": 0,
			"index": 7
		}
	],
	"BP_Jelly1_C_2_F83A31834A3888B71C1BAA821F0E0601": [
		{
			"Type": 1,
			"LocationX": 11375.037874401914,
			"LocationY": 7293.5630631672066,
			"LocationZ": 135.61145764289762,
			"ExtentX": 75,
			"ExtentY": 75,
			"ExtentZ": 75,
			"Yaw": -179.99999860565413,
			"Roll": 0,
			"Pitch": 0,
			"index": 8
		}
	],
	"BP_Jelly1_C_22_EB120BFE439F1C03B0EAD2BC06E15108": [
		{
			"Type": 1,
			"LocationX": 7089.9523068334638,
			"LocationY": 15717.575491929621,
			"LocationZ": 135.61145221622027,
			"ExtentX": 75,
			"ExtentY": 75,
			"ExtentZ": 75,
			"Yaw": -179.99999860565413,
			"Roll": 0,
			"Pitch": 0,
			"index": 9
		}
	],
	"BP_Jelly1_C_23_0C116B2A42881BD515B00781D1E00755": [
		{
			"Type": 1,
			"LocationX": 7671.6439381553773,
			"LocationY": 16898.301872491982,
			"LocationZ": 135.6114845152708,
			"ExtentX": 75,
			"ExtentY": 75,
			"ExtentZ": 75,
			"Yaw": -179.99999860565413,
			"Roll": 0,
			"Pitch": 0,
			"index": 10
		}
	],
	"BP_Jelly1_C_26_1BA303CA4082824B51773EAEC005B55D": [
		{
			"Type": 1,
			"LocationX": 9016.3101614022944,
			"LocationY": 8986.5998176597495,
			"LocationZ": 135.61145061686267,
			"ExtentX": 75,
			"ExtentY": 75,
			"ExtentZ": 75,
			"Yaw": -179.99999860565413,
			"Roll": 0,
			"Pitch": 0,
			"index": 11
		}
	],
	"BP_Jelly1_C_27_8AE8A1C94576952F8E0E43B010107369": [
		{
			"Type": 1,
			"LocationX": 9016.3101755317566,
			"LocationY": 8696.2993696159174,
			"LocationZ": 135.61145372191396,
			"ExtentX": 75,
			"ExtentY": 75,
			"ExtentZ": 75,
			"Yaw": -179.99999860565413,
			"Roll": 0,
			"Pitch": 0,
			"index": 12
		}
	],
	"BP_Jelly1_C_30_1DF019784AC6740D7F876787FC1DBC4F": [
		{
			"Type": 1,
			"LocationX": 4406.0030238188237,
			"LocationY": 12089.213427157645,
			"LocationZ": 135.61149471297819,
			"ExtentX": 75,
			"ExtentY": 75,
			"ExtentZ": 75,
			"Yaw": -179.99999860565413,
			"Roll": 0,
			"Pitch": 0,
			"index": 13
		}
	],
	"BP_Jelly1_C_31_7A88E30046C07FE6C3C59382E3DFF866": [
		{
			"Type": 1,
			"LocationX": 4865.0876718264899,
			"LocationY": 12072.943472018178,
			"LocationZ": 135.61147431485136,
			"ExtentX": 75,
			"ExtentY": 75,
			"ExtentZ": 75,
			"Yaw": -179.99999860565413,
			"Roll": 0,
			"Pitch": 0,
			"index": 14
		}
	],
	"BP_Jelly1_C_32_53B0B4284620A881D3D387B1B105E251": [
		{
			"Type": 1,
			"LocationX": 4691.8222478135003,
			"LocationY": 12140.599323894923,
			"LocationZ": 135.61147885718,
			"ExtentX": 75,
			"ExtentY": 75,
			"ExtentZ": 75,
			"Yaw": -179.99999860565413,
			"Roll": 0,
			"Pitch": 0,
			"index": 15
		}
	],
	"BP_Jelly1_C_37_3ADF78814963F2001B1F2AA95795EDA0": [
		{
			"Type": 1,
			"LocationX": 1511.6896948501351,
			"LocationY": 9557.8652708611771,
			"LocationZ": 135.61147097457157,
			"ExtentX": 75,
			"ExtentY": 75,
			"ExtentZ": 75,
			"Yaw": -179.99999860565413,
			"Roll": 0,
			"Pitch": 0,
			"index": 16
		}
	],
	"BP_Jelly1_C_38_EA1CE05742F15A517EFCC3A04B68D1E1": [
		{
			"Type": 1,
			"LocationX": 1471.126161775702,
			"LocationY": 9085.565147764315,
			"LocationZ": 135.61147589761424,
			"ExtentX": 75,
			"ExtentY": 75,
			"ExtentZ": 75,
			"Yaw": -179.99999860565413,
			"Roll": 0,
			"Pitch": 0,
			"index": 17
		}
	],
	"BP_Jelly1_C_39_E7B9C09347BB2687DC8BF888B7414A46": [
		{
			"Type": 1,
			"LocationX": 1295.1958879433791,
			"LocationY": 9231.1710858957067,
			"LocationZ": 135.61147136295855,
			"ExtentX": 75,
			"ExtentY": 75,
			"ExtentZ": 75,
			"Yaw": -179.99999860565413,
			"Roll": 0,
			"Pitch": 0,
			"index": 18
		}
	],
	"BP_Jelly1_C_4_DB24AEE242F00762DC3258B29200134C": [
		{
			"Type": 1,
			"LocationX": 1513.6768488649075,
			"LocationY": 9351.7607300123382,
			"LocationZ": 135.6114710000067,
			"ExtentX": 75,
			"ExtentY": 75,
			"ExtentZ": 75,
			"Yaw": -179.99999860565413,
			"Roll": 0,
			"Pitch": 0,
			"index": 19
		}
	],
	"BP_Jelly1_C_40_2CA93D6D4BDFD17C4778E48F08023518": [
		{
			"Type": 1,
			"LocationX": 1200.0562852884066,
			"LocationY": 9542.0233977363969,
			"LocationZ": 135.61146723194585,
			"ExtentX": 75,
			"ExtentY": 75,
			"ExtentZ": 75,
			"Yaw": -179.99999860565413,
			"Roll": 0,
			"Pitch": 0,
			"index": 20
		}
	],
	"BP_Jelly1_C_41_DE37F53C4A7F541B24F2E3BA37D48535": [
		{
			"Type": 1,
			"LocationX": 1180.5720296814432,
			"LocationY": 6945.9845077271166,
			"LocationZ": 135.61148824774335,
			"ExtentX": 75,
			"ExtentY": 75,
			"ExtentZ": 75,
			"Yaw": -179.99999860565413,
			"Roll": 0,
			"Pitch": 0,
			"index": 21
		}
	],
	"BP_Jelly1_C_42_E88D609F4B675295DB7D7B9DC01E0AF4": [
		{
			"Type": 1,
			"LocationX": 1213.3689950002406,
			"LocationY": 7592.6488427521326,
			"LocationZ": 135.61149087892767,
			"ExtentX": 75,
			"ExtentY": 75,
			"ExtentZ": 75,
			"Yaw": -179.99999860565413,
			"Roll": 0,
			"Pitch": 0,
			"index": 22
		}
	],
	"BP_Jelly1_C_43_22E7C3C94DE0BA2562F773BB0311C75F": [
		{
			"Type": 1,
			"LocationX": 1198.0546572250857,
			"LocationY": 7253.1806443485257,
			"LocationZ": 135.61149083591971,
			"ExtentX": 75,
			"ExtentY": 75,
			"ExtentZ": 75,
			"Yaw": -179.99999860565413,
			"Roll": 0,
			"Pitch": 0,
			"index": 23
		}
	],
	"BP_Jelly1_C_44_7F7EAA214AB9940D932320B8965096A5": [
		{
			"Type": 1,
			"LocationX": 1361.8778725735053,
			"LocationY": 7099.8135824461915,
			"LocationZ": 135.61146912691581,
			"ExtentX": 75,
			"ExtentY": 75,
			"ExtentZ": 75,
			"Yaw": -179.99999860565413,
			"Roll": 0,
			"Pitch": 0,
			"index": 24
		}
	],
	"BP_Jelly1_C_45_00D8B8EF405B5F1F3CA1E69511C04613": [
		{
			"Type": 1,
			"LocationX": 11375.037579701322,