{
	"BP_Jelly1_C_0_D16AD8074077C069ACE0199F9A182F4B": [
		{
			"Type": 1,
			"LocationX": -8152.2249449174606,
			"LocationY": 3176.4936415849211,
			"LocationZ": 130.38592439587512,
			"ExtentX": 75,
			"ExtentY": 75,
			"ExtentZ": 75,
			"Yaw": 7.4682611791127161e-17,
			"Roll": 4.0883877162312334,
			"Pitch": -3.4882089946950154,
			"index": 0
		}
	],
	"BP_Jelly1_C_1_CFE35F084F1CEA71D45B7F85B6488857": [
		{
			"Type": 1,
			"LocationX": -9713.3921147231322,
			"LocationY": -703.55002155475051,
			"LocationZ": 514.80098714775238,
			"ExtentX": 75,
			"ExtentY": 75,
			"ExtentZ": 75,
			"Yaw": 0.047435689535613869,
			"Roll": -0.6960341266478739,
			"Pitch": -3.8765303888030775,
			"index": 1
		}
	],
	"BP_Jelly1_C_10_9CF6453C41C3A3D7810413818901A9FB": [
		{
			"Type": 1,
			"LocationX": 4002.434039292637,
			"LocationY": 7003.4411059206723,
			"LocationZ": 107.00006199999734,
			"ExtentX": 75,
			"ExtentY": 75,
			"ExtentZ": 75,
			"Yaw": 0,
			"Roll": -0,
			"Pitch": 0,
			"index": 2
		}
	],
	"BP_Jelly1_C_11_D5A63819458A2CA689280B812D46FFC2": [
		{
			"Type": 1,
			"LocationX": -1796.3401805728927,
			"LocationY": 4506.9999956599859,
			"LocationZ": 107.00000124025905,
			"ExtentX": 75,
			"ExtentY": 75,
			"ExtentZ": 75,
			"Yaw": 0,
			"Roll": -0,
			"Pitch": 0,
			"index": 3
		}
	],
	"BP_Jelly1_C_12_C1DA5E3E49F315BCDBB1F09B8E57695D": [
		{
			"Type": 1,
			"LocationX": 8021.4506748079621,
			"LocationY": -7555.6597245979101,
			"LocationZ": 106.9991159588144,
			"ExtentX": 75,
			"ExtentY": 75,
			"ExtentZ": 75,
			"Yaw": 0,
			"Roll": -0,
			"Pitch": 0,
			"index": 4
		}
	],
	"BP_Jelly1_C_13_636EC3064A7C1EF5C62687BA7C05402D": [
		{
			"Type": 1,
			"LocationX": 8021.4506748079621,
			"LocationY": -3913.2185825979095,
			"LocationZ": 106.9991779588144,
			"ExtentX": 75,
			"ExtentY": 75,
			"ExtentZ": 75,
			"Yaw": 0,
			"Roll": -0,
			"Pitch": 0,
			"index": 5
		}
	],
	"BP_Jelly1_C_14_B0AAA901426B917FA66D5D91AFAA3024": [
		{
			"Type": 1,
			"LocationX": 4002.4340388079609,
			"LocationY": -3913.2186405979091,
			"LocationZ": 106.9991779588144,
			"ExtentX": 75,
			"ExtentY": 75,
			"ExtentZ": 75,
			"Yaw": 0,
			"Roll": -0,
			"Pitch": 0,
			"index": 6
		}
	],
	"BP_Jelly1_C_15_A3D33E174B5A8DB944EA25B72BFC7E82": [
		{
			"Type": 1,
			"LocationX": 3595.969847299657,
			"LocationY": -6409.6597505979116,
			"LocationZ": 106.9991129934657,
			"ExtentX": 75,
			"ExtentY": 75,
			"ExtentZ": 75,
			"Yaw": 0,
			"Roll": -0,
			"Pitch": 0,
			"index": 7
		}
	],
	"BP_Jelly1_C_16_F6143B3948B7E5A59F98A0B44A144C41": [
		{
			"Type": 1,
			"LocationX": 4980.9991152829143,
			"LocationY": -6857.3343177680281,
			"LocationZ": 106.99999999999835,
			"ExtentX": 75,
			"ExtentY": 75,
			"ExtentZ": 75,
			"Yaw": 0,
			"Roll": -0,
			"Pitch": 0,
			"index": 8
		}
	],
	"BP_Jelly1_C_17_5122686140931A785C9B5DA5DE6B85EA": [
		{
			"Type": 1,
			"LocationX": 4309.9991152829143,
			"LocationY": -8003.334317768029,
			"LocationZ": 106.99999999999835,
			"ExtentX": 75,
			"ExtentY": 75,
			"ExtentZ": 75,
			"Yaw": 0,
			"Roll": -0,
			"Pitch": 0,
			"index": 9
		}
	],
	"BP_Jelly1_C_18_12BBECE048C8D9D76F456B899BCD0037": [
		{
			"Type": 1,
			"LocationX": 2640.9991152829143,
			"LocationY": -9101.3343177680181,
			"LocationZ": 106.99999999999835,
			"ExtentX": 75,
			"ExtentY": 75,
			"ExtentZ": 75,
			"Yaw": 0,
			"Roll": -0,
			"Pitch": 0,
			"index": 10
		}
	],
	"BP_Jelly1_C_19_D5279FCE4E35335BA7F2EE9EE8F5E2F6": [
		{
			"Type": 1,
			"LocationX": -335.00088304653161,
			"LocationY": -10497.334317768018,
			"LocationZ": 236.10387068574977,
			"ExtentX": 75,
			"ExtentY": 75,
			"ExtentZ": 75,
			"Yaw": 0,
			"Roll": -0,
			"Pitch": 0,
			"index": 11
		}
	],
	"BP_Jelly1_C_2_0CE85E994074D7B5F0772289AB95477F": [
		{
			"Type": 1,
			"LocationX": -334.99990193602707,
			"LocationY": 2224.0788139417755,
			"LocationZ": 107,
			"ExtentX": 75,
			"ExtentY": 75,
			"ExtentZ": 75,
			"Yaw": 0,
			"Roll": -0,
			"Pitch": 0,
			"index": 12
		}
	],
	"BP_Jelly1_C_20_D942F11C45675082728C17B0343478E3": [
		{
			"Type": 1,
			"LocationX": -8152.2258297170856,
			"LocationY": -8187.8406757680268,
			"LocationZ": 130.38592399999834,
			"ExtentX": 75,
			"ExtentY": 75,
			"ExtentZ": 75,
			"Yaw": -2.4894203930516219e-17,
			"Roll": 4.0883880000000019,
			"Pitch": -3.4882089999999848,
			"index": 13
		}
	],
	"BP_Jelly1_C_21_91988F0542EC7A23085691B83C7FD1AA": [
		{
			"Type": 1,
			"LocationX": -120.31223226203656,
			"LocationY": -3105.591687395181,
			"LocationZ": 103.4675645925692,
			"ExtentX": 75,
			"ExtentY": 75,
			"ExtentZ": 75,
			"Yaw": 0,
			"Roll": -0,
			"Pitch": 0,
			"index": 14
		}
	],
	"BP_Jelly1_C_22_481CE577485CA471E19F9D8143B91BDB": [
		{
			"Type": 1,
			"LocationX": -791.31223226203656,
			"LocationY": -4251.591687395181,
			"LocationZ": 103.4675645925692,
			"ExtentX": 75,
			"ExtentY": 75,
			"ExtentZ": 75,
			"Yaw": 0,
			"Roll": -0,
			"Pitch": 0,
			"index": 15
		}
	],
	"BP_Jelly1_C_23_D384905D4A8F20DEAF164495404E8201": [
		{
			"Type": 1,
			"LocationX": -2460.312232262037,
			"LocationY": -5349.5916873951801,
			"LocationZ": 103.4675645925692,
			"ExtentX": 75,
			"ExtentY": 75,
			"ExtentZ": 75,
			"Yaw": 0,
			"Roll": -0,
			"Pitch": 0,
			"index": 16
		}
	],
	"BP_Jelly1_C_24_3EAA3F2544225FB6749F9BBA23984D69": [
		{
			"Type": 1,
			"LocationX": -5436.3122322620384,
			"LocationY": -6745.591687395181,
			"LocationZ": 103.4675645925692,
			"ExtentX": 75,
			"ExtentY": 75,
			"ExtentZ": 75,
			"Yaw": 0,
			"Roll": -0,
			"Pitch": 0,
			"index": 17
		}
	],
	"BP_Jelly1_C_3_DFE7A6604E3834F0FB3B5397D0968FC4": [
		{
			"Type": 1,
			"LocationX": 1417.4461082641483,
			"LocationY": -279.18452825630015,
			"LocationZ": 107.00000000003547,
			"ExtentX": 75,
			"ExtentY": 75,
			"ExtentZ": 75,
			"Yaw": 0,
			"Roll": -0,
			"Pitch": 0,
			"index": 18
		}
	],
	"BP_Jelly1_C_4_26CA8AB14FBE50940A90DAB30E05A84B": [
		{
			"Type": 1,
			"LocationX": 8021.4506753885998,
			"LocationY": 3361.0000221629698,
			"LocationZ": 106.99999999999818,
			"ExtentX": 75,
			"ExtentY": 75,
			"ExtentZ": 75,
			"Yaw": 0,
			"Roll": -0,
			"Pitch": 0,
			"index": 19
		}
	],
	"BP_Jelly1_C_5_84BE1C354A64452FB337FF8B64D0F3DF": [
		{
			"Type": 1,
			"LocationX": 4981,
			"LocationY": 4507,
			"LocationZ": 107,
			"ExtentX": 75,
			"ExtentY": 75,
			"ExtentZ": 75,
			"Yaw": 0,
			"Roll": -0,
			"Pitch": 0,
			"index": 20
		}
	],
	"BP_Jelly1_C_6_C73DB22C42E608C12E2E05B85D975CA0": [
		{
			"Type": 1,
			"LocationX": 4310,
			"LocationY": 3361,
			"LocationZ": 107,
			"ExtentX": 75,
			"ExtentY": 75,
			"ExtentZ": 75,
			"Yaw": 0,
			"Roll": -0,
			"Pitch": 0,
			"index": 21
		}
	],
	"BP_Jelly1_C_7_687E3E5A4E04EF514874158E662E0559": [
		{
			"Type": 1,
			"LocationX": 2641,
			"LocationY": 2263,
			"LocationZ": 107,
			"ExtentX": 75,
			"ExtentY": 75,
			"ExtentZ": 75,
			"Yaw": 0,
			"Roll": -0,
			"Pitch": 0,
			"index": 22
		}
	],
	"BP_Jelly1_C_8_2B93FFA945CB59C83A1DCDBEBF5B338E": [
		{
			"Type": 1,
			"LocationX": -335,
			"LocationY": 867,
			"LocationZ": 107,
			"ExtentX": 75,
			"ExtentY": 75,
			"ExtentZ": 75,
			"Yaw": 0,
			"Roll": -0,
			"Pitch": 0,
			"index": 23
		}
	],
	"BP_Jelly1_C_9_5B9EBB0C419BA890E06B3C943A0E5D6B": [
		{
			"Type": 1,
			"LocationX": 8021.4506750000037,
			"LocationY": 7003.4411636632121,
			"LocationZ": 107.00006241269602,
			"ExtentX": 75,
			"ExtentY": 75,
			"ExtentZ": 75,
			"Yaw": 0,
			"Roll": -0,
			"Pitch": 0,
			"index": 24
		}
	]
}