{
	"BP_Jelly1_C_1_BAE533BC43706E4344FE78BD26EEB32E": [
		{
			"Type": 1,
			"LocationX": -9.025820276236459,
			"LocationY": 766.12042346526732,
			"LocationZ": 134.15235327435306,
			"ExtentX": 75,
			"ExtentY": 75,
			"ExtentZ": 75,
			"Yaw": 0,
			"Roll": -0,
			"Pitch": 0,
			"index": 0
		}
	],
	"BP_Jelly1_C_2_3AFD5937473C5224F56CBF992C5480A0": [
		{
			"Type": 1,
			"LocationX": -1308.2623553337537,
			"LocationY": 328.69099307367992,
			"LocationZ": 134.15236217614535,
			"ExtentX": 75,
			"ExtentY": 75,
			"ExtentZ": 75,
			"Yaw": 0,
			"Roll": -0,
			"Pitch": 0,
			"index": 1
		}
	],
	"BP_Jelly1_C_3_FE1AD2F743E7F752C355639B08B18800": [
		{
			"Type": 1,
			"LocationX": -1695.2635743010867,
			"LocationY": 7337.1043583860001,
			"LocationZ": 134.15236210215488,
			"ExtentX": 75,
			"ExtentY": 75,
			"ExtentZ": 75,
			"Yaw": 0,
			"Roll": -0,
			"Pitch": 0,
			"index": 2
		}
	],
	"BP_Jelly1_C_0_E6CF90C2440C58DBEAD4E8A952C532DD": [
		{
			"Type": 1,
			"LocationX": -310.83330480800902,
			"LocationY": -1443.7981008119064,
			"LocationZ": 134.1523703321937,
			"ExtentX": 75,
			"ExtentY": 75,
			"ExtentZ": 75,
			"Yaw": 0,
			"Roll": -0,
			"Pitch": 0,
			"index": 3
		}
	],
	"BP_Jelly1_C_4_7C6A70044BDB9C1D9628DAB7361065F7": [
		{
			"Type": 1,
			"LocationX": 461.34846435496326,
			"LocationY": 210.46479732977716,
			"LocationZ": 134.15236064159973,
			"ExtentX": 75,
			"ExtentY": 75,
			"ExtentZ": 75,
			"Yaw": 0,
			"Roll": -0,
			"Pitch": 0,
			"index": 4
		}
	],
	"BP_Jelly1_C_5_110F19BB42E2EB4041F1F3A4808BBDB9": [
		{
			"Type": 1,
			"LocationX": -3634.2016047000943,
			"LocationY": -1592.3295827692154,
			"LocationZ": 134.15218341067953,
			"ExtentX": 75,
			"ExtentY": 75,
			"ExtentZ": 75,
			"Yaw": 0,
			"Roll": -0,
			"Pitch": 0,
			"index": 5
		}
	],
	"BP_Jelly1_C_6_56F9B2384F0E5CF6247025A1B1D7B87F": [
		{
			"Type": 1,
			"LocationX": -4216.7943178339237,
			"LocationY": -4226.9298195216916,
			"LocationZ": 134.15220554080705,
			"ExtentX": 75,
			"ExtentY": 75,
			"ExtentZ": 75,
			"Yaw": 0,
			"Roll": -0,
			"Pitch": 0,
			"index": 6
		}
	],
	"BP_Jelly1_C_7_479B63B0496ACA0591AF66B902D93C0B": [
		{
			"Type": 1,
			"LocationX": -2191.0513864734376,
			"LocationY": 7958.2271031900282,
			"LocationZ": 134.15220391242619,
			"ExtentX": 75,
			"ExtentY": 75,
			"ExtentZ": 75,
			"Yaw": 0,
			"Roll": -0,
			"Pitch": 0,
			"index": 7
		}
	],
	"BP_Jelly1_C_8_7A151F674D1A6E019859F6A672B9DB3C": [
		{
			"Type": 1,
			"LocationX": -2814.4008412620169,
			"LocationY": -4604.3073935365801,
			"LocationZ": 134.1521998825398,
			"ExtentX": 75,
			"ExtentY": 75,
			"ExtentZ": 75,
			"Yaw": 0,
			"Roll": -0,
			"Pitch": 0,
			"index": 8
		}
	],
	"BP_Jelly1_C_9_11E3AB924BA9B045535859AC2DC1D1B9": [
		{
			"Type": 1,
			"LocationX": -795.86488571803511,
			"LocationY": 7905.8758439505709,
			"LocationZ": 134.15236896894942,
			"ExtentX": 75,
			"ExtentY": 75,
			"ExtentZ": 75,
			"Yaw": 0,
			"Roll": -0,
			"Pitch": 0,
			"index": 9
		}
	],
	"BP_Jelly1_C_10_2261C15149A876BDA06E2DA3E29B5C66": [
		{
			"Type": 1,
			"LocationX": -1412.0395638575865,
			"LocationY": 7994.311830083574,
			"LocationZ": 134.1523818882535,
			"ExtentX": 75,
			"ExtentY": 75,
			"ExtentZ": 75,
			"Yaw": 0,
			"Roll": -0,
			"Pitch": 0,
			"index": 10
		}
	],
	"BP_Jelly1_C_11_3324C8A6439D15109FFAFAA7AF4FDE56": [
		{
			"Type": 1,
			"LocationX": 4134.1213491423805,
			"LocationY": 76.141432466674019,
			"LocationZ": 134.15234967445832,
			"ExtentX": 75,
			"ExtentY": 75,
			"ExtentZ": 75,
			"Yaw": 0,
			"Roll": -0,
			"Pitch": 0,
			"index": 11
		}
	]
}