{
	"BP_Jelly1_C_1_0EC04C0243EA63BA467D99BD263637F3": [
		{
			"Type": 1,
			"LocationX": -1.5189152189396513,
			"LocationY": 728.23817519956185,
			"LocationZ": 137.48146732123726,
			"ExtentX": 81.816330042354792,
			"ExtentY": 69.741634370094928,
			"ExtentZ": 81.816339977466754,
			"Yaw": 0,
			"Roll": 2.544443745170814e-14,
			"Pitch": -0,
			"index": 0
		}
	],
	"BP_Jelly1_C_2_FAD75D7D41B69671FA47CF88A19CF246": [
		{
			"Type": 1,
			"LocationX": -1300.7554527195596,
			"LocationY": 328.69099307368236,
			"LocationZ": 137.48147622302864,
			"ExtentX": 81.816330042354792,
			"ExtentY": 69.741634370094928,
			"ExtentZ": 81.816339977466754,
			"Yaw": 0,
			"Roll": 2.544443745170814e-14,
			"Pitch": -0,
			"index": 1
		}
	],
	"BP_Jelly1_C_3_5B5245394016D8BB42034EA975385D5C": [
		{
			"Type": 1,
			"LocationX": -1300.7554537427652,
			"LocationY": -534.64832533972151,
			"LocationZ": 137.48147614903817,
			"ExtentX": 81.816330042354792,
			"ExtentY": 69.741634370094928,
			"ExtentZ": 81.816339977466754,
			"Yaw": 0,
			"Roll": 2.544443745170814e-14,
			"Pitch": -0,
			"index": 2
		}
	],
	"BP_Jelly1_C_0_63DD8C2243A1C3A3EFBEF0A983E83FC7": [
		{
			"Type": 1,
			"LocationX": -303.32640219381506,
			"LocationY": -1443.7981008119039,
			"LocationZ": 137.48148437907699,
			"ExtentX": 81.816330042354792,
			"ExtentY": 69.741634370094928,
			"ExtentZ": 81.816339977466754,
			"Yaw": 0,
			"Roll": 2.544443745170814e-14,
			"Pitch": -0,
			"index": 3
		}
	],
	"BP_Jelly1_C_4_569AE8BB4E2DB24B79EB668266A47BA1": [
		{
			"Type": 1,
			"LocationX": 468.85536696915722,
			"LocationY": 210.46479732977957,
			"LocationZ": 137.48147468848302,
			"ExtentX": 81.816330042354792,
			"ExtentY": 69.741634370094928,
			"ExtentZ": 81.816339977466754,
			"Yaw": 0,
			"Roll": 2.544443745170814e-14,
			"Pitch": -0,
			"index": 4
		}
	],
	"BP_Jelly1_C_1_68409D02416A45905525CAA1E17C0F34": [
		{
			"Type": 1,
			"LocationX": -1.5189152189396513,
			"LocationY": 728.23817519956185,
			"LocationZ": 137.48146732123726,
			"ExtentX": 81.816330042354792,
			"ExtentY": 69.741634370094928,
			"ExtentZ": 81.816339977466754,
			"Yaw": 0,
			"Roll": 2.544443745170814e-14,
			"Pitch": -0,
			"index": 0
		}
	],
	"BP_Jelly1_C_2_DF0696814661974A08064DB218270565": [
		{
			"Type": 1,
			"LocationX": -1300.7554527195596,
			"LocationY": 328.69099307368236,
			"LocationZ": 137.48147622302864,
			"ExtentX": 81.816330042354792,
			"ExtentY": 69.741634370094928,
			"ExtentZ": 81.816339977466754,
			"Yaw": 0,
			"Roll": 2.544443745170814e-14,
			"Pitch": -0,
			"index": 1
		}
	],
	"BP_Jelly1_C_3_D0CC724243B9FDF4B29EEFBF427625B6": [
		{
			"Type": 1,
			"LocationX": -1300.7554537427652,
			"LocationY": -534.64832533972151,
			"LocationZ": 137.48147614903817,
			"ExtentX": 81.816330042354792,
			"ExtentY": 69.741634370094928,
			"ExtentZ": 81.816339977466754,
			"Yaw": 0,
			"Roll": 2.544443745170814e-14,
			"Pitch": -0,
			"index": 2
		}
	],
	"BP_Jelly1_C_0_749DDCB0422E9A527EBCAB8482D71EDB": [
		{
			"Type": 1,
			"LocationX": -303.32640219381506,
			"LocationY": -1443.7981008119039,
			"LocationZ": 137.48148437907699,
			"ExtentX": 81.816330042354792,
			"ExtentY": 69.741634370094928,
			"ExtentZ": 81.816339977466754,
			"Yaw": 0,
			"Roll": 2.544443745170814e-14,
			"Pitch": -0,
			"index": 3
		}
	],
	"BP_Jelly1_C_4_26F244BA4C4F3FB7536C74BC510074D7": [
		{
			"Type": 1,
			"LocationX": 468.85536696915722,
			"LocationY": 210.46479732977957,
			"LocationZ": 137.48147468848302,
			"ExtentX": 81.816330042354792,
			"ExtentY": 69.741634370094928,
			"ExtentZ": 81.816339977466754,
			"Yaw": 0,
			"Roll": 2.544443745170814e-14,
			"Pitch": -0,
			"index": 4
		}
	],
	"BP_Jelly1_C_1_D394F565441C4CF088CF1DB9AA1F137A": [
		{
			"Type": 1,
			"LocationX": -1.5189152189396513,
			"LocationY": 728.23817519956185,
			"LocationZ": 137.48146732123726,
			"ExtentX": 81.816330042354792,
			"ExtentY": 69.741634370094928,
			"ExtentZ": 81.816339977466754,
			"Yaw": 0,
			"Roll": 2.544443745170814e-14,
			"Pitch": -0,
			"index": 0
		}
	],
	"BP_Jelly1_C_2_2C0BDA954D57402DDC1033B9486F0FA0": [
		{
			"Type": 1,
			"LocationX": -1300.7554527195596,
			"LocationY": 328.69099307368236,
			"LocationZ": 137.48147622302864,
			"ExtentX": 81.816330042354792,
			"ExtentY": 69.741634370094928,
			"ExtentZ": 81.816339977466754,
			"Yaw": 0,
			"Roll": 2.544443745170814e-14,
			"Pitch": -0,
			"index": 1
		}
	],
	"BP_Jelly1_C_3_2811297F4452FB70AE2D31A994CFF51B": [
		{
			"Type": 1,
			"LocationX": -1300.7554537427652,
			"LocationY": -534.64832533972151,
			"LocationZ": 137.48147614903817,
			"ExtentX": 81.816330042354792,
			"ExtentY": 69.741634370094928,
			"ExtentZ": 81.816339977466754,
			"Yaw": 0,
			"Roll": 2.544443745170814e-14,
			"Pitch": -0,
			"index": 2
		}
	],
	"BP_Jelly1_C_0_C31547E641CB44C93566D898E6C20E94": [
		{
			"Type": 1,
			"LocationX": -303.32640219381506,
			"LocationY": -1443.7981008119039,
			"LocationZ": 137.48148437907699,
			"ExtentX": 81.816330042354792,
			"ExtentY": 69.741634370094928,
			"ExtentZ": 81.816339977466754,
			"Yaw": 0,
			"Roll": 2.544443745170814e-14,
			"Pitch": -0,
			"index": 3
		}
	],
	"BP_Jelly1_C_4_096513DD4AC230DD821EC0B9741D164D": [
		{
			"Type": 1,
			"LocationX": 468.85536696915722,
			"LocationY": 210.46479732977957,
			"LocationZ": 137.48147468848302,
			"ExtentX": 81.816330042354792,
			"ExtentY": 69.741634370094928,
			"ExtentZ": 81.816339977466754,
			"Yaw": 0,
			"Roll": 2.544443745170814e-14,
			"Pitch": -0,
			"index": 4
		}
	],
	"BP_Jelly1_C_1_591B088F4CC2F0A34BA56C8D32E945CA": [
		{
			"Type": 1,
			"LocationX": -1.5189152189396513,
			"LocationY": 728.23817519956185,
			"LocationZ": 137.48146732123726,
			"ExtentX": 81.816330042354792,
			"ExtentY": 69.741634370094928,
			"ExtentZ": 81.816339977466754,
			"Yaw": 0,
			"Roll": 2.544443745170814e-14,
			"Pitch": -0,
			"index": 0
		}
	],
	"BP_Jelly1_C_2_8F4CE991421833EEBB1F4DA69A3586A4": [
		{
			"Type": 1,
			"LocationX": -1300.7554527195596,
			"LocationY": 328.69099307368236,
			"LocationZ": 137.48147622302864,
			"ExtentX": 81.816330042354792,
			"ExtentY": 69.741634370094928,
			"ExtentZ": 81.816339977466754,
			"Yaw": 0,
			"Roll": 2.544443745170814e-14,
			"Pitch": -0,
			"index": 1
		}
	],
	"BP_Jelly1_C_3_97030F62445CC61E9DD1708C41E10386": [
		{
			"Type": 1,
			"LocationX": -1300.7554537427652,
			"LocationY": -534.64832533972151,
			"LocationZ": 137.48147614903817,
			"ExtentX": 81.816330042354792,
			"ExtentY": 69.741634370094928,
			"ExtentZ": 81.816339977466754,
			"Yaw": 0,
			"Roll": 2.544443745170814e-14,
			"Pitch": -0,
			"index": 2
		}
	],
	"BP_Jelly1_C_0_D02EDD734A973603D7265AA5E0141E35": [
		{
			"Type": 1,
			"LocationX": -303.32640219381506,
			"LocationY": -1443.7981008119039,
			"LocationZ": 137.48148437907699,
			"ExtentX": 81.816330042354792,
			"ExtentY": 69.741634370094928,
			"ExtentZ": 81.816339977466754,
			"Yaw": 0,
			"Roll": 2.544443745170814e-14,
			"Pitch": -0,
			"index": 3
		}
	],
	"BP_Jelly1_C_4_4CC18245480A4CA0097D93B001E69D61": [
		{
			"Type": 1,
			"LocationX": 468.85536696915722,
			"LocationY": 210.46479732977957,
			"LocationZ": 137.48147468848302,
			"ExtentX": 81.816330042354792,
			"ExtentY": 69.741634370094928,
			"ExtentZ": 81.816339977466754,
			"Yaw": 0,
			"Roll": 2.544443745170814e-14,
			"Pitch": -0,
			"index": 4
		}
	],
	"BP_Jelly1_C_1_47CC76FC4281CD15217E239186921890": [
		{
			"Type": 1,
			"LocationX": -1.5189152189396513,
			"LocationY": 728.23817519956185,
			"LocationZ": 137.48146732123726,
			"ExtentX": 81.816330042354792,
			"ExtentY": 69.741634370094928,
			"ExtentZ": 81.816339977466754,
			"Yaw": 0,
			"Roll": 2.544443745170814e-14,
			"Pitch": -0,
			"index": 0
		}
	],
	"BP_Jelly1_C_2_2D529CCD403AC7EEA70FE696388C35DA": [
		{
			"Type": 1,
			"LocationX": -1300.7554527195596,
			"LocationY": 328.69099307368236,
			"LocationZ": 137.48147622302864,
			"ExtentX": 81.816330042354792,
			"ExtentY": 69.741634370094928,
			"ExtentZ": 81.816339977466754,