{
	"BP_Jelly1_C_0_1E04CFA54477C4453559B2A25F75F0EE": [
		{
			"Type": 1,
			"LocationX": 6120.534374714668,
			"LocationY": 19099.522443803824,
			"LocationZ": 99.204078716429748,
			"ExtentX": 75,
			"ExtentY": 75,
			"ExtentZ": 75,
			"Yaw": 0.098100634487251787,
			"Roll": 4.0835911215928062,
			"Pitch": -2.1165349899703756,
			"index": 0
		}
	],
	"BP_Jelly1_C_1_A6F3C2FF4898E8FA064E2D991D0442BF": [
		{
			"Type": 1,
			"LocationX": 4945.7273660901919,
			"LocationY": 15194.053821648497,
			"LocationZ": 468.04605214461907,
			"ExtentX": 75,
			"ExtentY": 75,
			"ExtentZ": 75,
			"Yaw": -4.0264136493768214,
			"Roll": 1.0309937020477018,
			"Pitch": -9.893001850307888,
			"index": 1
		}
	],
	"BP_Jelly1_C_10_DB7B3EF24643FB207823428E4C59D013": [
		{
			"Type": 1,
			"LocationX": 18276.441005658318,
			"LocationY": 22928.028018745648,
			"LocationZ": 86.799856251182177,
			"ExtentX": 75,
			"ExtentY": 75,
			"ExtentZ": 75,
			"Yaw": 0,
			"Roll": -0,
			"Pitch": 0,
			"index": 2
		}
	],
	"BP_Jelly1_C_11_D107EAE949A99F3985EE29B80C7BDFEF": [
		{
			"Type": 1,
			"LocationX": 13283.022237300829,
			"LocationY": 20431.586908573328,
			"LocationZ": 95.659401399958085,
			"ExtentX": 75,
			"ExtentY": 75,
			"ExtentZ": 75,
			"Yaw": 0,
			"Roll": 0,
			"Pitch": 7.0439528891776106,
			"index": 3
		}
	],
	"BP_Jelly1_C_12_BF906E30496B4DCDCD4292ADD8A0EEDD": [
		{
			"Type": 1,
			"LocationX": 22295.457647322168,
			"LocationY": 8368.9271882270423,
			"LocationZ": 89.254546944846794,
			"ExtentX": 75,
			"ExtentY": 75,
			"ExtentZ": 75,
			"Yaw": 0,
			"Roll": -0,
			"Pitch": 0,
			"index": 4
		}
	],
	"BP_Jelly1_C_13_D21ED3274B650FCB756296A900F3FA0B": [
		{
			"Type": 1,
			"LocationX": 22295.457642255838,
			"LocationY": 12011.368330227051,
			"LocationZ": 91.996550692771081,
			"ExtentX": 75,
			"ExtentY": 75,
			"ExtentZ": 75,
			"Yaw": 0,
			"Roll": -0,
			"Pitch": 0,
			"index": 5
		}
	],
	"BP_Jelly1_C_14_585C6F9741DE961CE75BF5BFEDDE97AB": [
		{
			"Type": 1,
			"LocationX": 18276.441007752095,
			"LocationY": 12011.368272227053,
			"LocationZ": 88.452150680461955,
			"ExtentX": 75,
			"ExtentY": 75,
			"ExtentZ": 75,
			"Yaw": 0,
			"Roll": -0,
			"Pitch": 0,
			"index": 6
		}
	],
	"BP_Jelly1_C_15_51810A244E203D3A98F212BCA8A6F9E1": [
		{
			"Type": 1,
			"LocationX": 17869.976814496902,
			"LocationY": 9514.9271622270408,
			"LocationZ": 87.752533458205136,
			"ExtentX": 75,
			"ExtentY": 75,
			"ExtentZ": 75,
			"Yaw": 0,
			"Roll": -0,
			"Pitch": 0,
			"index": 7
		}
	],
	"BP_Jelly1_C_16_C1555ED443D4CFE1EC381EBC816E006D": [
		{
			"Type": 1,
			"LocationX": 19255.006083009695,
			"LocationY": 9067.2525950569234,
			"LocationZ": 90.188681517833999,
			"ExtentX": 75,
			"ExtentY": 75,
			"ExtentZ": 75,
			"Yaw": 0,
			"Roll": -0,
			"Pitch": 0,
			"index": 8
		}
	],
	"BP_Jelly1_C_17_57D174F64427F295D5FF538A53430882": [
		{
			"Type": 1,
			"LocationX": 18584.006082482214,
			"LocationY": 7921.2525950569234,
			"LocationZ": 87.848202207483752,
			"ExtentX": 75,
			"ExtentY": 75,
			"ExtentZ": 75,
			"Yaw": 0,
			"Roll": -0,
			"Pitch": 0,
			"index": 9
		}
	],
	"BP_Jelly1_C_18_482F6FE7413BB9FB9758C68F2FBBFFA9": [
		{
			"Type": 1,
			"LocationX": 16915.006082495001,
			"LocationY": 6823.2525947746435,
			"LocationZ": 110.45430088400732,
			"ExtentX": 75,
			"ExtentY": 75,
			"ExtentZ": 75,
			"Yaw": 0,
			"Roll": -0,
			"Pitch": 0,
			"index": 10
		}
	],
	"BP_Jelly1_C_19_243BBD854354DDF4171AB1A6A336D5ED": [
		{
			"Type": 1,
			"LocationX": 13939.006083536113,
			"LocationY": 5427.2525962033978,
			"LocationZ": 215.49662804741735,
			"ExtentX": 75,
			"ExtentY": 75,
			"ExtentZ": 75,
			"Yaw": 0,
			"Roll": -0,
			"Pitch": 0,
			"index": 11
		}
	],
	"BP_Jelly1_C_2_840E67BF455A337945ED17B4EFA2AEA3": [
		{
			"Type": 1,
			"LocationX": 13939.007065729726,
			"LocationY": 18148.665726766758,
			"LocationZ": 84.751851745916468,
			"ExtentX": 75,
			"ExtentY": 75,
			"ExtentZ": 75,
			"Yaw": 0,
			"Roll": -0,
			"Pitch": 0,
			"index": 12
		}
	],
	"BP_Jelly1_C_20_EA80FCFD45C323FC9A1BF2A674118C86": [
		{
			"Type": 1,
			"LocationX": 6121.7811378086317,
			"LocationY": 7736.7462370569247,
			"LocationZ": 93.61526002001483,
			"ExtentX": 75,
			"ExtentY": 75,
			"ExtentZ": 75,
			"Yaw": 0.39361585806729743,
			"Roll": -2.3947423783517379,
			"Pitch": -3.4659569551064378,
			"index": 13
		}
	],
	"BP_Jelly1_C_21_4E56A887488F50B070E173BCF447BA52": [
		{
			"Type": 1,
			"LocationX": 14153.694734936136,
			"LocationY": 12818.995225429779,
			"LocationZ": 97.003271328190749,
			"ExtentX": 75,
			"ExtentY": 75,
			"ExtentZ": 75,
			"Yaw": 0,
			"Roll": -0,
			"Pitch": 0,
			"index": 14
		}
	],
	"BP_Jelly1_C_22_0EC9BF194C3FA5218B715F9F236D47C1": [
		{
			"Type": 1,
			"LocationX": 13482.694734936136,
			"LocationY": 11672.995225429779,
			"LocationZ": 97.003271328190749,
			"ExtentX": 75,
			"ExtentY": 75,
			"ExtentZ": 75,
			"Yaw": 0,
			"Roll": -0,
			"Pitch": 0,
			"index": 15
		}
	],
	"BP_Jelly1_C_23_820F8BB04F646B2C5213BFB34A230187": [
		{
			"Type": 1,
			"LocationX": 11813.694735234993,
			"LocationY": 10574.995225429779,
			"LocationZ": 98.022564307554916,
			"ExtentX": 75,
			"ExtentY": 75,
			"ExtentZ": 75,
			"Yaw": 0,
			"Roll": -0,
			"Pitch": 0,
			"index": 16
		}
	],
	"BP_Jelly1_C_24_35619F3F49C6FB7E1FB7E3881B520DA5": [
		{
			"Type": 1,
			"LocationX": 8837.6947349225647,
			"LocationY": 9178.9952254297714,
			"LocationZ": 95.35094015913424,
			"ExtentX": 75,
			"ExtentY": 75,
			"ExtentZ": 75,
			"Yaw": 0,
			"Roll": -0,
			"Pitch": 0,
			"index": 17
		}
	],
	"BP_Jelly1_C_3_5FF6E0AB48D9D901F9F4D6BA151694C7": [
		{
			"Type": 1,
			"LocationX": 15691.453075870393,
			"LocationY": 15645.402384568661,
			"LocationZ": 88.370899608328045,
			"ExtentX": 75,
			"ExtentY": 75,
			"ExtentZ": 75,
			"Yaw": 0,
			"Roll": -0,
			"Pitch": 0,
			"index": 18
		}
	],
	"BP_Jelly1_C_4_8E531B854E1D8A8CA40553ABC0B6CD49": [
		{
			"Type": 1,
			"LocationX": 22295.457642400772,
			"LocationY": 19285.586934987947,
			"LocationZ": 85.382207480835717,
			"ExtentX": 75,
			"ExtentY": 75,
			"ExtentZ": 75,
			"Yaw": 0,
			"Roll": -0,
			"Pitch": 0,
			"index": 19
		}
	],
	"BP_Jelly1_C_5_D4A13CEB43FC8A1085CBE49FF01714C4": [
		{
			"Type": 1,
			"LocationX": 19255.006967198198,
			"LocationY": 20431.5869131654,
			"LocationZ": 91.853350145043521,
			"ExtentX": 75,
			"ExtentY": 75,
			"ExtentZ": 75,
			"Yaw": 0,
			"Roll": -0,
			"Pitch": 0,
			"index": 20
		}
	],
	"BP_Jelly1_C_6_14ACA28B4F650D435857E0A588DB90BC": [
		{
			"Type": 1,
			"LocationX": 18579.806610841151,
			"LocationY": 19285.58691302509,
			"LocationZ": 79.479017258615514,
			"ExtentX": 75,
			"ExtentY": 75,
			"ExtentZ": 75,
			"Yaw": 0,
			"Roll": -0,
			"Pitch": 0,
			"index": 21
		}
	],
	"BP_Jelly1_C_7_691F7FED49016222AE5ADC9D41532634": [
		{
			"Type": 1,
			"LocationX": 16915.006967198169,
			"LocationY": 16602.224876174521,
			"LocationZ": 86.420614392829521,
			"ExtentX": 75,
			"ExtentY": 75,
			"ExtentZ": 75,
			"Yaw": 0,
			"Roll": -0,
			"Pitch": 0,
			"index": 22
		}
	],
	"BP_Jelly1_C_8_84D7F4464C9C9BD86EF88CA887BBFB4B": [
		{
			"Type": 1,
			"LocationX": 13939.006967198173,
			"LocationY": 16791.586911864524,
			"LocationZ": 87.192086569606744,
			"ExtentX": 75,
			"ExtentY": 75,
			"ExtentZ": 75,
			"Yaw": 0,
			"Roll": -0,
			"Pitch": 0,
			"index": 23
		}
	],
	"BP_Jelly1_C_9_19EFA66F49B7664473BC25BD69E3968E": [
		{
			"Type": 1,
			"LocationX": 22295.457643764767,
			"LocationY": 22928.028076277475,
			"LocationZ": 90.318051229777524,
			"ExtentX": 75,
			"ExtentY": 75,
			"ExtentZ": 75,
			"Yaw": 0,
			"Roll": -0,
			"Pitch": 0,
			"index": 24
		}
	]
}