{
	"BP_Jelly1_C_12_67377FF74D08E44B308754A98F5B4B44": [
		{
			"Type": 1,
			"LocationX": 4323.6032290000003,
			"LocationY": 10299.978154,
			"LocationZ": 145.50336999999999,
			"ExtentX": 75,
			"ExtentY": 75,
			"ExtentZ": 75,
			"Yaw": -179.999999,
			"Roll": 0,
			"Pitch": 0,
			"index": 0
		}
	],
	"BP_Jelly1_C_13_2BB8FC1E4E05A0AD5198F3A3CC666B0A": [
		{
			"Type": 1,
			"LocationX": -11679.201605,
			"LocationY": 4592.6704170000003,
			"LocationZ": 154.15218300000001,
			"ExtentX": 75,
			"ExtentY": 75,
			"ExtentZ": 75,
			"Yaw": 9.9999999999999982,
			"Roll": 0,
			"Pitch": 0,
			"index": 1
		}
	],
	"BP_Jelly1_C_14_545C0DAF41259BB22E1A3B8070D34FDA": [
		{
			"Type": 1,
			"LocationX": 5818.6032489999998,
			"LocationY": 9884.9782269999996,
			"LocationZ": 145.50336999999999,
			"ExtentX": 75,
			"ExtentY": 75,
			"ExtentZ": 75,
			"Yaw": -179.999999,
			"Roll": 0,
			"Pitch": 0,
			"index": 2
		}
	],
	"BP_Jelly1_C_15_C08B9A184DC525FEFE7553A443E0194C": [
		{
			"Type": 1,
			"LocationX": 3983.6032639999999,
			"LocationY": 9584.9781370000001,
			"LocationZ": 145.50336999999999,
			"ExtentX": 75,
			"ExtentY": 75,
			"ExtentZ": 75,
			"Yaw": -179.999999,
			"Roll": 0,
			"Pitch": 0,
			"index": 3
		}
	],
	"BP_Jelly1_C_16_3FCF91084B35848EA5B13F833D80C38E": [
		{
			"Type": 1,
			"LocationX": 3983.6032500000001,
			"LocationY": 9869.9781370000001,
			"LocationZ": 145.50336999999999,
			"ExtentX": 75,
			"ExtentY": 75,
			"ExtentZ": 75,
			"Yaw": -179.999999,
			"Roll": 0,
			"Pitch": 0,
			"index": 4
		}
	],
	"BP_Jelly1_C_17_45BBDA4947CF6584CE462C8BA68073FF": [
		{
			"Type": 1,
			"LocationX": 3983.6032380000001,
			"LocationY": 10124.978137,
			"LocationZ": 145.50336999999999,
			"ExtentX": 75,
			"ExtentY": 75,
			"ExtentZ": 75,
			"Yaw": -179.999999,
			"Roll": 0,
			"Pitch": 0,
			"index": 5
		}
	],
	"BP_Jelly1_C_18_EEC65F2441B78FE77577D9AA6CAFF739": [
		{
			"Type": 1,
			"LocationX": 3438.6032890000001,
			"LocationY": 9074.9781110000004,
			"LocationZ": 145.50336999999999,
			"ExtentX": 75,
			"ExtentY": 75,
			"ExtentZ": 75,
			"Yaw": -179.999999,
			"Roll": 0,
			"Pitch": 0,
			"index": 6
		}
	],
	"BP_Jelly1_C_19_A25E9BB34D11BA021FF1779FB2E26A23": [
		{
			"Type": 1,
			"LocationX": 4003.6033029999999,
			"LocationY": 8804.9781380000004,
			"LocationZ": 145.50336999999999,
			"ExtentX": 75,
			"ExtentY": 75,
			"ExtentZ": 75,
			"Yaw": -179.999999,
			"Roll": 0,
			"Pitch": 0,
			"index": 7
		}
	],
	"BP_Jelly1_C_20_8EFCBA634028720504E56EA2E4B2B307": [
		{
			"Type": 1,
			"LocationX": 4003.603325,
			"LocationY": 8324.9781380000004,
			"LocationZ": 145.50336999999999,
			"ExtentX": 75,
			"ExtentY": 75,
			"ExtentZ": 75,
			"Yaw": -179.999999,
			"Roll": 0,
			"Pitch": 0,
			"index": 8
		}
	],
	"BP_Jelly1_C_21_0316BBA7432974050095F2A8212FAA83": [
		{
			"Type": 1,
			"LocationX": 3438.6033400000001,
			"LocationY": 8014.9781110000004,
			"LocationZ": 145.50336999999999,
			"ExtentX": 75,
			"ExtentY": 75,
			"ExtentZ": 75,
			"Yaw": -179.999999,
			"Roll": 0,
			"Pitch": 0,
			"index": 9
		}
	],
	"BP_Jelly1_C_22_6741FC1C45A39C4EA87D19B731E402CB": [
		{
			"Type": 1,
			"LocationX": 2743.603325,
			"LocationY": 8339.9780769999998,
			"LocationZ": 145.50336999999999,
			"ExtentX": 75,
			"ExtentY": 75,
			"ExtentZ": 75,
			"Yaw": -179.999999,
			"Roll": 0,
			"Pitch": 0,
			"index": 10
		}
	],
	"BP_Jelly1_C_23_9CE88D73498233CB3E0F82BD4B7FAE0D": [
		{
			"Type": 1,
			"LocationX": 2743.603372,
			"LocationY": 7369.9780769999998,
			"LocationZ": 145.50336999999999,
			"ExtentX": 75,
			"ExtentY": 75,
			"ExtentZ": 75,
			"Yaw": -179.999999,
			"Roll": 0,
			"Pitch": 0,
			"index": 11
		}
	],
	"BP_Jelly1_C_24_10D516A448A3D04EE9B763A57850C00C": [
		{
			"Type": 1,
			"LocationX": 2743.6033969999999,
			"LocationY": 6844.9780769999998,
			"LocationZ": 145.50336999999999,
			"ExtentX": 75,
			"ExtentY": 75,
			"ExtentZ": 75,
			"Yaw": -179.999999,
			"Roll": 0,
			"Pitch": 0,
			"index": 12
		}
	],
	"BP_Jelly1_C_25_CB1CB5C946A482707B90BD8D91A754A3": [
		{
			"Type": 1,
			"LocationX": 2743.6034199999999,
			"LocationY": 6374.9780769999998,
			"LocationZ": 145.50336999999999,
			"ExtentX": 75,
			"ExtentY": 75,
			"ExtentZ": 75,
			"Yaw": -179.999999,
			"Roll": 0,
			"Pitch": 0,
			"index": 13
		}
	],
	"BP_Jelly1_C_26_546167564B52C1E39F6131A9B0357B6E": [
		{
			"Type": 1,
			"LocationX": 3473.6033819999998,
			"LocationY": 7159.9781119999998,
			"LocationZ": 145.50336999999999,
			"ExtentX": 75,
			"ExtentY": 75,
			"ExtentZ": 75,
			"Yaw": -179.999999,
			"Roll": 0,
			"Pitch": 0,
			"index": 14
		}
	],
	"BP_Jelly1_C_27_3A87652D47073A9C5EEF25A0B69A4970": [
		{
			"Type": 1,
			"LocationX": 3473.6034110000001,
			"LocationY": 6559.9781119999998,
			"LocationZ": 145.50336999999999,
			"ExtentX": 75,
			"ExtentY": 75,
			"ExtentZ": 75,
			"Yaw": -179.999999,
			"Roll": 0,
			"Pitch": 0,
			"index": 15
		}
	],
	"BP_Jelly1_C_28_D788C79C43959296456EB3964D987A19": [
		{
			"Type": 1,
			"LocationX": 4248.6033719999996,
			"LocationY": 7369.9781499999999,
			"LocationZ": 145.50336999999999,
			"ExtentX": 75,
			"ExtentY": 75,
			"ExtentZ": 75,
			"Yaw": -179.999999,
			"Roll": 0,
			"Pitch": 0,
			"index": 16
		}
	],
	"BP_Jelly1_C_29_6B88506847A1F741927B559BDE093C16": [
		{
			"Type": 1,
			"LocationX": 4248.6033969999999,
			"LocationY": 6844.9781499999999,
			"LocationZ": 145.50336999999999,
			"ExtentX": 75,
			"ExtentY": 75,
			"ExtentZ": 75,
			"Yaw": -179.999999,
			"Roll": 0,
			"Pitch": 0,
			"index": 17
		}
	],
	"BP_Jelly1_C_30_F1DBC4A446D5E296D3613ABFE0141AF4": [
		{
			"Type": 1,
			"LocationX": 2278.6034199999999,
			"LocationY": 8049.9781499999999,
			"LocationZ": 155.50336999999999,
			"ExtentX": 75,
			"ExtentY": 75,
			"ExtentZ": 75,
			"Yaw": -179.999999,
			"Roll": 0,
			"Pitch": 0,
			"index": 18
		}
	],
	"BP_Jelly1_C_31_917DCD26430CDE0A80388DAE1439FC14": [
		{
			"Type": 1,
			"LocationX": 4943.6033820000002,
			"LocationY": 7159.9781839999996,
			"LocationZ": 145.50336999999999,
			"ExtentX": 75,
			"ExtentY": 75,
			"ExtentZ": 75,
			"Yaw": -179.999999,
			"Roll": 0,
			"Pitch": 0,
			"index": 19
		}
	],
	"BP_Jelly1_C_32_CAAB93B84040CF79707B009D104C2FB7": [
		{
			"Type": 1,
			"LocationX": 4943.6034110000001,
			"LocationY": 6559.9781839999996,
			"LocationZ": 145.50336999999999,
			"ExtentX": 75,
			"ExtentY": 75,
			"ExtentZ": 75,
			"Yaw": -179.999999,
			"Roll": 0,
			"Pitch": 0,
			"index": 20
		}
	],
	"BP_Jelly1_C_33_D3EE2A554BCD89E97A0E718C19CCF362": [
		{
			"Type": 1,
			"LocationX": 5728.6033719999996,
			"LocationY": 7369.9782219999997,
			"LocationZ": 145.50336999999999,
			"ExtentX": 75,
			"ExtentY": 75,
			"ExtentZ": 75,
			"Yaw": -179.999999,
			"Roll": 0,
			"Pitch": 0,
			"index": 21
		}
	],
	"BP_Jelly1_C_34_BE2AD1DC44615A9417A9209E112A8DA5": [
		{
			"Type": 1,
			"LocationX": 5728.6033969999999,
			"LocationY": 6844.9782219999997,
			"LocationZ": 145.50336999999999,
			"ExtentX": 75,
			"ExtentY": 75,
			"ExtentZ": 75,
			"Yaw": -179.999999,
			"Roll": 0,
			"Pitch": 0,
			"index": 22
		}
	],
	"BP_Jelly1_C_35_C1C4F4DB4F10B9F0B64BE6868FA24A28": [
		{
			"Type": 1,
			"LocationX": 5728.6034200000004,
			"LocationY": 6374.9782219999997,
			"LocationZ": 145.50336999999999,
			"ExtentX": 75,
			"ExtentY": 75,
			"ExtentZ": 75,
			"Yaw": -179.999999,
			"Roll": 0,
			"Pitch": 0,
			"index": 23
		}
	],
	"BP_Jelly1_C_36_3500DF4348A81C4428A923B1A9DCC249": [
		{
			"Type": 1,
			"LocationX": -12209.201605,
			"LocationY": 5347.6704170000003,
			"LocationZ": 154.15218300000001,
			"ExtentX": 75,
			"ExtentY": 75,
			"ExtentZ": 75,
			"Yaw": 0,
			"Roll": -0,
			"Pitch": 0,
			"index": 24
		}
	],
	"BP_Jelly1_C_37_2B711B134223A794C903B9B59DF36CE5": [
		{
			"Type": 1,
			"LocationX": -11399.201605,
			"LocationY": 5347.6704170000003,
			"LocationZ": 154.15218300000001,
			"ExtentX": 75,
			"ExtentY": 75,
			"ExtentZ": 75,
			"Yaw": 0,
			"Roll": -0,
			"Pitch": 0,
			"index": 25
		}
	],