{
	"BP_Jelly_C_0_6BD7E3454E92EF95FA5CDE85E13C2E13": [
		{
			"Type": "Box",
			"LocationX": -2579.9629922631493,
			"LocationY": 472.88128167964715,
			"LocationZ": 156.0000124114506,
			"ExtentX": 96,
			"ExtentY": 83.372648441232741,
			"ExtentZ": 96,
			"Yaw": 0,
			"Roll": -0,
			"Pitch": 0
		}
	],
	"BP_Jelly_C_1_B92BE0B94BA5AEAE6FB7E8BDC631002A": [
		{
			"Type": "Box",
			"LocationX": 0,
			"LocationY": 0,
			"LocationZ": 156,
			"ExtentX": 96,
			"ExtentY": 83.372648441232741,
			"ExtentZ": 96,
			"Yaw": 0,
			"Roll": -0,
			"Pitch": 0
		}
	],
	"BP_Jelly_C_2_00DB6C924C9D59AD25697AA495BD9961": [
		{
			"Type": "Box",
			"LocationX": -2579.9630054659856,
			"LocationY": -1734.801303946738,
			"LocationZ": 156.00001199999974,
			"ExtentX": 96,
			"ExtentY": 83.372648441232741,
			"ExtentZ": 96,
			"Yaw": 0,
			"Roll": -0,
			"Pitch": 0
		}
	],
	"BP_Jelly_C_3_706E70AE477F31920B97E7B03531BC20": [
		{
			"Type": "Box",
			"LocationX": -62.135007921923716,
			"LocationY": -1734.8012967887623,
			"LocationZ": 156.00001199999792,
			"ExtentX": 96,
			"ExtentY": 83.372648441232741,
			"ExtentZ": 96,
			"Yaw": 0,
			"Roll": -0,
			"Pitch": 0
		}
	],
	"BP_Jelly_C_4_DF6FC6A04F295B52A0BCED87FCB413E1": [
		{
			"Type": "Box",
			"LocationX": -62.134968570041565,
			"LocationY": 877.48455268852467,
			"LocationZ": 156.00001200000111,
			"ExtentX": 96,
			"ExtentY": 83.372648441232741,
			"ExtentZ": 96,
			"Yaw": 0,
			"Roll": -0,
			"Pitch": 0
		}
	],
	"BP_Jelly_C_5_B24A981D488B609485269F9F7513A4BC": [
		{
			"Type": "Box",
			"LocationX": -62.134969000000183,
			"LocationY": 2365.1534989200554,
			"LocationZ": 156.00000977835202,
			"ExtentX": 96,
			"ExtentY": 83.372648441232741,
			"ExtentZ": 96,
			"Yaw": 0,
			"Roll": -0,
			"Pitch": 0
		}
	],
	"BP_Jelly_C_7_83D81F82440D1C5350B541AEF434EC85": [
		{
			"Type": "Box",
			"LocationX": 3363.9197617536956,
			"LocationY": 1090.1534679026508,
			"LocationZ": 156.00000999999952,
			"ExtentX": 96,
			"ExtentY": 83.372648441232741,
			"ExtentZ": 96,
			"Yaw": 0,
			"Roll": -0,
			"Pitch": 0
		}
	],
	"BP_Jelly_C_8_0AA0E35F41389D18F5B4FE85B624D18D": [
		{
			"Type": "Box",
			"LocationX": 4023.9197619999995,
			"LocationY": -518.1990793622208,
			"LocationZ": 156.00000761885781,
			"ExtentX": 96,
			"ExtentY": 83.372648441232741,
			"ExtentZ": 96,
			"Yaw": 0,
			"Roll": -0,
			"Pitch": 0
		}
	],
	"BP_Jelly_C_9_29BD81CD4DE430F755A43187F79C2096": [
		{
			"Type": "Box",
			"LocationX": -1117,
			"LocationY": -5895,
			"LocationZ": 3712.0726182128856,
			"ExtentX": 182,
			"ExtentY": 158.0606460031704,
			"ExtentZ": 182,
			"Yaw": 0,
			"Roll": -0,
			"Pitch": 0
		}
	],
	"bp_book2_C_0_778C0CCB436A85D60A2580A6DCDE3E28": [
		{
			"Type": "Box",
			"LocationX": -3927,
			"LocationY": -5738,
			"LocationZ": 723,
			"ExtentX": 628,
			"ExtentY": 408,
			"ExtentZ": 353,
			"Yaw": 0,
			"Roll": -0,
			"Pitch": 0
		}
	],
	"bp_book2_C_2_03210CE34036E63326FEB890698E19E5": [
		{
			"Type": "Box",
			"LocationX": 5498.000006424686,
			"LocationY": 1769.9999998539845,
			"LocationZ": 1877,
			"ExtentX": 628,
			"ExtentY": 408,
			"ExtentZ": 353,
			"Yaw": 89.999999302826922,
			"Roll": -0,
			"Pitch": 0
		}
	],
	"sm_book1_Blueprint_C_0_3B2BDB9B481FF12F4EDADCA7BD3BBA2A": [
		{
			"Type": "Box",
			"LocationX": -4498,
			"LocationY": -5696,
			"LocationZ": 2676,
			"ExtentX": 1166,
			"ExtentY": 427,
			"ExtentZ": 388,
			"Yaw": 0,
			"Roll": -0,
			"Pitch": 0
		}
	],
	"sm_book1_Blueprint_C_1_6D174863470F5345FDDD4FA1190757D5": [
		{
			"Type": "Box",
			"LocationX": -4349.0000016791782,
			"LocationY": -5625.000024068233,
			"LocationZ": 1636.5502098632787,
			"ExtentX": 1166,
			"ExtentY": 427,
			"ExtentZ": 388,
			"Yaw": -179.99999860565401,
			"Roll": 0,
			"Pitch": -0
		}
	],
	"BP_Desk_C_1_E71A654B4CA27AB59B371180CB412DC6": [
		{
			"Type": "Box",
			"LocationX": 5276.9421746589778,
			"LocationY": 5179.8848371484719,
			"LocationZ": 701.9007354996387,
			"ExtentX": -95.836016535758972,
			"ExtentY": -90.62424436211586,
			"ExtentZ": -542.68879896402359,
			"Yaw": -179.99999860565401,
			"Roll": 0,
			"Pitch": -0
		},
		{
			"Type": "Box",
			"LocationX": 5292.6856392534355,
			"LocationY": 901.73596860544239,
			"LocationZ": 653.12672775778015,
			"ExtentX": -95.836032000000003,
			"ExtentY": -90.624256000000003,
			"ExtentZ": -542.68880000000001,
			"Yaw": -179.99999860565401,
			"Roll": 0,
			"Pitch": -0
		},
		{
			"Type": "Box",
			"LocationX": 5317.7438279007874,
			"LocationY": 905.80815381080811,
			"LocationZ": 84.44105494004657,
			"ExtentX": -73.87673710528982,
			"ExtentY": -90.624256000000003,
			"ExtentZ": -694.82042147998811,
			"Yaw": 1.4229560770859895e-06,
			"Roll": -179.99999997138994,
			"Pitch": 90
		},
		{
			"Type": "Box",
			"LocationX": 5317.7437241342595,
			"LocationY": 5180.1493387200117,
			"LocationZ": 84.441209966358883,
			"ExtentX": -73.876735999999994,
			"ExtentY": -90.624256000000003,
			"ExtentZ": -694.82041600000002,
			"Yaw": 1.4229560770859895e-06,
			"Roll": -179.99999997138994,
			"Pitch": 90
		},
		{
			"Type": "Box",
			"LocationX": 5995.5066406402639,
			"LocationY": 3120.4910535663298,
			"LocationZ": 1051.1925257963585,
			"ExtentX": -88.091273096019748,
			"ExtentY": -2312.5786943345638,
			"ExtentZ": -1035.9920458219676,
			"Yaw": -179.99999860565401,
			"Roll": 0,
			"Pitch": -0
		},
		{
			"Type": "Box",
			"LocationX": 5203.8338708778247,
			"LocationY": 3092.830305656063,
			"LocationZ": 1473.7753944984188,
			"ExtentX": -721.20533520898368,
			"ExtentY": -2251.0602423901641,
			"ExtentZ": -48.467389410498072,
			"Yaw": -179.99999860565401,
			"Roll": 0,
			"Pitch": -0
		}
	],
	"BP_LegoCastle_C_2_CEE8D77D49557EA0EF3EB7839AF279E2": [
		{
			"Type": "Box",
			"LocationX": -4472.9471992608023,
			"LocationY": -5651.0000008248517,
			"LocationZ": 3510.6732782259251,
			"ExtentX": 1078.0238212826102,
			"ExtentY": 441.01005412727204,
			"ExtentZ": -37.356531709440759,
			"Yaw": 2.7886919724551275e-06,
			"Roll": 0,
			"Pitch": 0
		},
		{
			"Type": "Box",
			"LocationX": -4472.9471453206424,
			"LocationY": -5829.7929530263109,
			"LocationZ": 3857.2434712881254,
			"ExtentX": 442.9257273952378,
			"ExtentY": 176.76248418763967,
			"ExtentZ": 333.99051812901513,
			"Yaw": 2.7886919724551262e-06,
			"Roll": -0,
			"Pitch": 0
		},
		{
			"Type": "Box",
			"LocationX": -3773.0278229432447,
			"LocationY": -5684.0469693685536,
			"LocationZ": 3714.8869741925851,
			"ExtentX": 220.35462501195036,
			"ExtentY": 299.56114903011058,
			"ExtentZ": 149.79132499609381,
			"Yaw": 2.7886919724551262e-06,
			"Roll": -0,
			"Pitch": 0
		},
		{
			"Type": "Box",
			"LocationX": -5147.4456709491478,
			"LocationY": -5684.0470223734274,
			"LocationZ": 3714.8869896293641,
			"ExtentX": 220.35521476318357,
			"ExtentY": 299.56115177490233,
			"ExtentZ": 149.79132087890625,
			"Yaw": 2.7886919724551262e-06,
			"Roll": -0,
			"Pitch": 0
		}
	],
	"BP_bookshelf_C_0_7F41557D4CAB45009BE805873AF826C5": [
		{
			"Type": "Box",
			"LocationX": -4430,
			"LocationY": -5681,
			"LocationZ": 1203.0709007812475,
			"ExtentX": 1139,
			"ExtentY": 625,
			"ExtentZ": 52,
			"Yaw": 0,
			"Roll": -0,
			"Pitch": 0
		},
		{
			"Type": "Box",
			"LocationX": -4430,
			"LocationY": -5681,
			"LocationZ": 2261.0709007812475,
			"ExtentX": 1139,
			"ExtentY": 625,
			"ExtentZ": 52,
			"Yaw": 0,
			"Roll": -0,
			"Pitch": 0
		},
		{
			"Type": "Box",
			"LocationX": -4430,
			"LocationY": -5674,
			"LocationZ": 3420.0709007812475,
			"ExtentX": 1139,
			"ExtentY": 625,
			"ExtentZ": 53,
			"Yaw": 0,
			"Roll": -0,
			"Pitch": 0
		},
		{
			"Type": "Box",
			"LocationX": -4430,
			"LocationY": -5673,
			"LocationZ": 4480.0709007812475,
			"ExtentX": 1139,
			"ExtentY": 625,
			"ExtentZ": 52,
			"Yaw": 0,
			"Roll": -0,
			"Pitch": 0
		},
		{
			"Type": "Box",
			"LocationX": -4430,
			"LocationY": -5681,
			"LocationZ": 213.07090078124747,
			"ExtentX": 1139,
			"ExtentY": 625,
			"ExtentZ": 160,
			"Yaw": 0,