{
	"BP_Jelly1_C_12_DB77C40D47E501981C11EFB147FA5CE7": [
		{
			"Type": 1,
			"LocationX": 18360.179685468876,
			"LocationY": 22281.001209663096,
			"LocationZ": 153.97576328158397,
			"ExtentX": 75,
			"ExtentY": 75,
			"ExtentZ": 75,
			"Yaw": -179.999999,
			"Roll": 0,
			"Pitch": 0,
			"index": 0
		}
	],
	"BP_Jelly1_C_13_F4CEF4A24F217AEE81FADB9DFF462B44": [
		{
			"Type": 1,
			"LocationX": 2654.9797330752044,
			"LocationY": 16573.693472979365,
			"LocationZ": 187.04522505767849,
			"ExtentX": 75,
			"ExtentY": 75,
			"ExtentZ": 75,
			"Yaw": 9.9999999999999982,
			"Roll": 0,
			"Pitch": 0,
			"index": 1
		}
	],
	"BP_Jelly1_C_14_C1202F904DFF78B5A86D4F908BEEDB2F": [
		{
			"Type": 1,
			"LocationX": 20152.784591215339,
			"LocationY": 21336.001282979363,
			"LocationZ": 145.50336999998544,
			"ExtentX": 75,
			"ExtentY": 75,
			"ExtentZ": 75,
			"Yaw": -179.999999,
			"Roll": 0,
			"Pitch": 0,
			"index": 2
		}
	],
	"BP_Jelly1_C_15_8F0C0F034A6D99DEAF82B2A23E855F2B": [
		{
			"Type": 1,
			"LocationX": 18330.179720468877,
			"LocationY": 21566.001192663094,
			"LocationZ": 153.97576328158397,
			"ExtentX": 75,
			"ExtentY": 75,
			"ExtentZ": 75,
			"Yaw": -179.999999,
			"Roll": 0,
			"Pitch": 0,
			"index": 3
		}
	],
	"BP_Jelly1_C_16_FE0AD77647D3099C92EF1D98598537A9": [
		{
			"Type": 1,
			"LocationX": 18330.179706468876,
			"LocationY": 21851.001192663094,
			"LocationZ": 153.97576328158397,
			"ExtentX": 75,
			"ExtentY": 75,
			"ExtentZ": 75,
			"Yaw": -179.999999,
			"Roll": 0,
			"Pitch": 0,
			"index": 4
		}
	],
	"BP_Jelly1_C_17_7BCE443A4D661A4760427DAE0DD6AD57": [
		{
			"Type": 1,
			"LocationX": 18330.179694468876,
			"LocationY": 22106.001192663094,
			"LocationZ": 153.97576328158397,
			"ExtentX": 75,
			"ExtentY": 75,
			"ExtentZ": 75,
			"Yaw": -179.999999,
			"Roll": 0,
			"Pitch": 0,
			"index": 5
		}
	],
	"BP_Jelly1_C_18_DF9A75EC4EDDB0EC2E8602BDA9FC29AC": [
		{
			"Type": 1,
			"LocationX": 17772.784631215342,
			"LocationY": 21056.00116696523,
			"LocationZ": 151.1678084735631,
			"ExtentX": 75,
			"ExtentY": 75,
			"ExtentZ": 75,
			"Yaw": -179.999999,
			"Roll": 0,
			"Pitch": 0,
			"index": 6
		}
	],
	"BP_Jelly1_C_19_66A05E264031C4D3E9E348B7BA0B70F0": [
		{
			"Type": 1,
			"LocationX": 18337.784645215339,
			"LocationY": 20786.001193965232,
			"LocationZ": 151.1678084735631,
			"ExtentX": 75,
			"ExtentY": 75,
			"ExtentZ": 75,
			"Yaw": -179.999999,
			"Roll": 0,
			"Pitch": 0,
			"index": 7
		}
	],
	"BP_Jelly1_C_20_C878337D453C74890F55148F17A8A88A": [
		{
			"Type": 1,
			"LocationX": 18337.784667215339,
			"LocationY": 20306.001193965232,
			"LocationZ": 151.1678084735631,
			"ExtentX": 75,
			"ExtentY": 75,
			"ExtentZ": 75,
			"Yaw": -179.999999,
			"Roll": 0,
			"Pitch": 0,
			"index": 8
		}
	],
	"BP_Jelly1_C_21_D596070C40E41D7D89EB02988B68F766": [
		{
			"Type": 1,
			"LocationX": 17772.784682215337,
			"LocationY": 19996.00116696523,
			"LocationZ": 151.1678084735631,
			"ExtentX": 75,
			"ExtentY": 75,
			"ExtentZ": 75,
			"Yaw": -179.999999,
			"Roll": 0,
			"Pitch": 0,
			"index": 9
		}
	],
	"BP_Jelly1_C_22_66850F7D4E0DB56FCA5846942C3C23A4": [
		{
			"Type": 1,
			"LocationX": 17077.784667215339,
			"LocationY": 20321.00113296523,
			"LocationZ": 151.1678084735631,
			"ExtentX": 75,
			"ExtentY": 75,
			"ExtentZ": 75,
			"Yaw": -179.999999,
			"Roll": 0,
			"Pitch": 0,
			"index": 10
		}
	],
	"BP_Jelly1_C_23_673F2AA34F01DF3A3FC2F7B54270B298": [
		{
			"Type": 1,
			"LocationX": 17077.784714215341,
			"LocationY": 19351.001135119437,
			"LocationZ": 153.91324040881537,
			"ExtentX": 75,
			"ExtentY": 75,
			"ExtentZ": 75,
			"Yaw": -179.999999,
			"Roll": 0,
			"Pitch": 0,
			"index": 11
		}
	],
	"BP_Jelly1_C_24_4EF9DB5849C2AFEDA2B92899FE914B8C": [
		{
			"Type": 1,
			"LocationX": 17077.784739215338,
			"LocationY": 18826.001135119437,
			"LocationZ": 153.91324040881537,
			"ExtentX": 75,
			"ExtentY": 75,
			"ExtentZ": 75,
			"Yaw": -179.999999,
			"Roll": 0,
			"Pitch": 0,
			"index": 12
		}
	],
	"BP_Jelly1_C_25_27657BBF4BA4D3132C0CB29D707D80A9": [
		{
			"Type": 1,
			"LocationX": 17077.784762215339,
			"LocationY": 18356.001135119437,
			"LocationZ": 153.91324040881537,
			"ExtentX": 75,
			"ExtentY": 75,
			"ExtentZ": 75,
			"Yaw": -179.999999,
			"Roll": 0,
			"Pitch": 0,
			"index": 13
		}
	],
	"BP_Jelly1_C_26_C6AEECFA4A5E2AB174513FB6091AB33F": [
		{
			"Type": 1,
			"LocationX": 17807.784724215337,
			"LocationY": 19141.001170119438,
			"LocationZ": 153.91324040881537,
			"ExtentX": 75,
			"ExtentY": 75,
			"ExtentZ": 75,
			"Yaw": -179.999999,
			"Roll": 0,
			"Pitch": 0,
			"index": 14
		}
	],
	"BP_Jelly1_C_27_19A7BA4445C90A9ACEE28E838EEB7B0C": [
		{
			"Type": 1,
			"LocationX": 17807.784753215339,
			"LocationY": 18541.001170119438,
			"LocationZ": 153.91324040881537,
			"ExtentX": 75,
			"ExtentY": 75,
			"ExtentZ": 75,
			"Yaw": -179.999999,
			"Roll": 0,
			"Pitch": 0,
			"index": 15
		}
	],
	"BP_Jelly1_C_28_8BF3001740A5A41F9D26A4BB9FF2B56C": [
		{
			"Type": 1,
			"LocationX": 18582.784714215341,
			"LocationY": 19351.001208119436,
			"LocationZ": 153.91324040881537,
			"ExtentX": 75,
			"ExtentY": 75,
			"ExtentZ": 75,
			"Yaw": -179.999999,
			"Roll": 0,
			"Pitch": 0,
			"index": 16
		}
	],
	"BP_Jelly1_C_29_88096B9C4161F6BA9AC8228172278A16": [
		{
			"Type": 1,
			"LocationX": 18582.784739215338,
			"LocationY": 18826.001208119436,
			"LocationZ": 153.91324040881537,
			"ExtentX": 75,
			"ExtentY": 75,
			"ExtentZ": 75,
			"Yaw": -179.999999,
			"Roll": 0,
			"Pitch": 0,
			"index": 17
		}
	],
	"BP_Jelly1_C_30_218CAA8643608E65ACC3EA89CCF403BB": [
		{
			"Type": 1,
			"LocationX": 16612.784762215339,
			"LocationY": 20031.001205965229,
			"LocationZ": 161.1678084735631,
			"ExtentX": 75,
			"ExtentY": 75,
			"ExtentZ": 75,
			"Yaw": -179.999999,
			"Roll": 0,
			"Pitch": 0,
			"index": 18
		}
	],
	"BP_Jelly1_C_31_5C1383F94D17EB0E53D540B39F858D84": [
		{
			"Type": 1,
			"LocationX": 19277.78472421534,
			"LocationY": 19141.001242119437,
			"LocationZ": 153.91324040881537,
			"ExtentX": 75,
			"ExtentY": 75,
			"ExtentZ": 75,
			"Yaw": -179.999999,
			"Roll": 0,
			"Pitch": 0,
			"index": 19
		}
	],
	"BP_Jelly1_C_32_6FD29E7E45BEC4B48A41098D365DE3EA": [
		{
			"Type": 1,
			"LocationX": 19277.784753215339,
			"LocationY": 18541.001242119437,
			"LocationZ": 153.91324040881537,
			"ExtentX": 75,
			"ExtentY": 75,
			"ExtentZ": 75,
			"Yaw": -179.999999,
			"Roll": 0,
			"Pitch": 0,
			"index": 20
		}
	],
	"BP_Jelly1_C_33_E514453643E31456C715FC8A3A6C6FBF": [
		{
			"Type": 1,
			"LocationX": 20062.784714215341,
			"LocationY": 19351.001280119435,
			"LocationZ": 153.91324040881537,
			"ExtentX": 75,
			"ExtentY": 75,
			"ExtentZ": 75,
			"Yaw": -179.999999,
			"Roll": 0,
			"Pitch": 0,
			"index": 21
		}
	],
	"BP_Jelly1_C_34_64C911D64CE478DCA000AC9490E7F108": [
		{
			"Type": 1,
			"LocationX": 20062.784739215338,
			"LocationY": 18826.001280119435,
			"LocationZ": 153.91324040881537,
			"ExtentX": 75,
			"ExtentY": 75,
			"ExtentZ": 75,
			"Yaw": -179.999999,
			"Roll": 0,
			"Pitch": 0,
			"index": 22
		}
	],
	"BP_Jelly1_C_35_780F9ADF440D05310BC9048CA49A9AD2": [
		{
			"Type": 1,
			"LocationX": 20062.784762215339,
			"LocationY": 18356.001280119435,
			"LocationZ": 153.91324040881537,
			"ExtentX": 75,
			"ExtentY": 75,
			"ExtentZ": 75,
			"Yaw": -179.999999,
			"Roll": 0,
			"Pitch": 0,
			"index": 23
		}
	],
	"BP_Jelly1_C_36_0FD72F2E4B0B4B8A92E1A0B271499182": [
		{
			"Type": 1,
			"LocationX": 2124.9797330752044,
			"LocationY": 17328.693472979365,
			"LocationZ": 187.04522505767849,
			"ExtentX": 75,
			"ExtentY": 75,
			"ExtentZ": 75,
			"Yaw": 0,
			"Roll": -0,
			"Pitch": 0,
			"index": 24
		}
	],
	"BP_Jelly1_C_37_AD5E788E45C91ED03D3E06961632A2A6": [
		{
			"Type": 1,
			"LocationX": 2935.9671528636645,
			"LocationY": 17328.693472979365,
			"LocationZ": 187.04522505767849,
			"ExtentX": 75,
			"ExtentY": 75,
			"ExtentZ": 75,
			"Yaw": 0,
			"Roll": -0,
			"Pitch": 0,