{
	"BP_Jelly1_C_1_23F2597E4DA640597B88D9A5BDC3D3CC": [
		{
			"Type": 1,
			"LocationX": -9.025820276236459,
			"LocationY": 766.12042346526732,
			"LocationZ": 134.15235327435306,
			"ExtentX": 75,
			"ExtentY": 75,
			"ExtentZ": 75,
			"Yaw": 0,
			"Roll": -0,
			"Pitch": 0,
			"index": 0
		}
	],
	"BP_Jelly1_C_2_C55EECC14357F0106C89258B42106494": [
		{
			"Type": 1,
			"LocationX": -1308.2623553337537,
			"LocationY": 328.69099307367992,
			"LocationZ": 134.15236217614535,
			"ExtentX": 75,
			"ExtentY": 75,
			"ExtentZ": 75,
			"Yaw": 0,
			"Roll": -0,
			"Pitch": 0,
			"index": 1
		}
	],
	"BP_Jelly1_C_3_81B510AE4E5DACF4A3AC9FBEF3647AC6": [
		{
			"Type": 1,
			"LocationX": -1308.2623563569593,
			"LocationY": -534.6483253397239,
			"LocationZ": 134.15236210215488,
			"ExtentX": 75,
			"ExtentY": 75,
			"ExtentZ": 75,
			"Yaw": 0,
			"Roll": -0,
			"Pitch": 0,
			"index": 2
		}
	],
	"BP_Jelly1_C_0_3D3C3A91457241390C54BA8217F31C98": [
		{
			"Type": 1,
			"LocationX": -310.83330480800902,
			"LocationY": -1443.7981008119064,
			"LocationZ": 134.1523703321937,
			"ExtentX": 75,
			"ExtentY": 75,
			"ExtentZ": 75,
			"Yaw": 0,
			"Roll": -0,
			"Pitch": 0,
			"index": 3
		}
	],
	"BP_Jelly1_C_4_1E44FB1C44F5F2B0219FE1BF922A823F": [
		{
			"Type": 1,
			"LocationX": 461.34846435496326,
			"LocationY": 210.46479732977716,
			"LocationZ": 134.15236064159973,
			"ExtentX": 75,
			"ExtentY": 75,
			"ExtentZ": 75,
			"Yaw": 0,
			"Roll": -0,
			"Pitch": 0,
			"index": 4
		}
	],
	"BP_Jelly1_C_5_666C597A4002A07C8A5EA5AB9B998635": [
		{
			"Type": 1,
			"LocationX": -3634.2016047000943,
			"LocationY": -1592.3295827692154,
			"LocationZ": 134.15218341067953,
			"ExtentX": 75,
			"ExtentY": 75,
			"ExtentZ": 75,
			"Yaw": 0,
			"Roll": -0,
			"Pitch": 0,
			"index": 5
		}
	],
	"BP_Jelly1_C_6_C07E61B045B0A81E2A887E9249C4280F": [
		{
			"Type": 1,
			"LocationX": -4216.7943178339237,
			"LocationY": -4226.9298195216916,
			"LocationZ": 134.15220554080705,
			"ExtentX": 75,
			"ExtentY": 75,
			"ExtentZ": 75,
			"Yaw": 0,
			"Roll": -0,
			"Pitch": 0,
			"index": 6
		}
	],
	"BP_Jelly1_C_7_A7EE52A84979C33737C24A8C98BFE75C": [
		{
			"Type": 1,
			"LocationX": -2934.9053688609451,
			"LocationY": 2856.6969221190766,
			"LocationZ": 134.15220391242619,
			"ExtentX": 75,
			"ExtentY": 75,
			"ExtentZ": 75,
			"Yaw": 0,
			"Roll": -0,
			"Pitch": 0,
			"index": 7
		}
	],
	"BP_Jelly1_C_8_3406D07F41FF9AB17D63FDB42A0D0E83": [
		{
			"Type": 1,
			"LocationX": -2814.4008410850256,
			"LocationY": -4726.619035765545,
			"LocationZ": 134.15219988253992,
			"ExtentX": 75,
			"ExtentY": 75,
			"ExtentZ": 75,
			"Yaw": 0,
			"Roll": -0,
			"Pitch": 0,
			"index": 8
		}
	],
	"BP_Jelly1_C_9_936AEF3B4446EAAD7B5F2A8FC2F3283E": [
		{
			"Type": 1,
			"LocationX": -2290.1758932365665,
			"LocationY": -534.64832500000011,
			"LocationZ": 134.15236896894942,
			"ExtentX": 75,
			"ExtentY": 75,
			"ExtentZ": 75,
			"Yaw": 0,
			"Roll": -0,
			"Pitch": 0,
			"index": 9
		}
	],
	"BP_Jelly1_C_10_7EA8E63143404C96030DF8B8E2B6DFC3": [
		{
			"Type": 1,
			"LocationX": -4556.0970257169738,
			"LocationY": 1191.8568958334986,
			"LocationZ": 134.1523818882535,
			"ExtentX": 75,
			"ExtentY": 75,
			"ExtentZ": 75,
			"Yaw": 0,
			"Roll": -0,
			"Pitch": 0,
			"index": 10
		}
	],
	"BP_Jelly1_C_11_924BFC2C4A4790B18AF60481784BDD52": [
		{
			"Type": 1,
			"LocationX": 4134.1213491423805,
			"LocationY": 76.141432466674019,
			"LocationZ": 134.15234967445832,
			"ExtentX": 75,
			"ExtentY": 75,
			"ExtentZ": 75,
			"Yaw": 0,
			"Roll": -0,
			"Pitch": 0,
			"index": 11
		}
	]
}