{
	"BP_Jelly1_C_1_9F5DBAD44CE23E69ABD6BEBDCFE5D111": [
		{
			"Type": 1,
			"LocationX": -9.0258178331336012,
			"LocationY": 728.23817519955946,
			"LocationZ": 134.15235327435397,
			"ExtentX": 75,
			"ExtentY": 75,
			"ExtentZ": 75,
			"Yaw": 0,
			"Roll": -0,
			"Pitch": 0,
			"index": 0
		}
	],
	"BP_Jelly1_C_2_1BF2C8AE42AED9EC1CB39D951B5CBF17": [
		{
			"Type": 1,
			"LocationX": -1308.2623553337537,
			"LocationY": 328.69099307367992,
			"LocationZ": 134.15236217614535,
			"ExtentX": 75,
			"ExtentY": 75,
			"ExtentZ": 75,
			"Yaw": 0,
			"Roll": -0,
			"Pitch": 0,
			"index": 1
		}
	],
	"BP_Jelly1_C_3_61A9BBC84FB048C396CB7499FA74D2AB": [
		{
			"Type": 1,
			"LocationX": -1308.2623563569593,
			"LocationY": -534.6483253397239,
			"LocationZ": 134.15236210215488,
			"ExtentX": 75,
			"ExtentY": 75,
			"ExtentZ": 75,
			"Yaw": 0,
			"Roll": -0,
			"Pitch": 0,
			"index": 2
		}
	],
	"BP_Jelly1_C_0_38CE6DDC4CE75FCA22BC469BD5743341": [
		{
			"Type": 1,
			"LocationX": -310.83330480800902,
			"LocationY": -1443.7981008119064,
			"LocationZ": 134.1523703321937,
			"ExtentX": 75,
			"ExtentY": 75,
			"ExtentZ": 75,
			"Yaw": 0,
			"Roll": -0,
			"Pitch": 0,
			"index": 3
		}
	],
	"BP_Jelly1_C_4_64246B6E46295B43A83DA8B2228DC5FA": [
		{
			"Type": 1,
			"LocationX": 461.34846435496326,
			"LocationY": 210.46479732977716,
			"LocationZ": 134.15236064159973,
			"ExtentX": 75,
			"ExtentY": 75,
			"ExtentZ": 75,
			"Yaw": 0,
			"Roll": -0,
			"Pitch": 0,
			"index": 4
		}
	],
	"BP_Jelly1_C_1_5F44FF864C8233513C37129DA60BA949": [
		{
			"Type": 1,
			"LocationX": -9.0258178331336012,
			"LocationY": 728.23817519955946,
			"LocationZ": 134.15235327435397,
			"ExtentX": 75,
			"ExtentY": 75,
			"ExtentZ": 75,
			"Yaw": 0,
			"Roll": -0,
			"Pitch": 0,
			"index": 0
		}
	],
	"BP_Jelly1_C_2_E8000A9048AF835CC17916AFDC516F97": [
		{
			"Type": 1,
			"LocationX": -1308.2623553337537,
			"LocationY": 328.69099307367992,
			"LocationZ": 134.15236217614535,
			"ExtentX": 75,
			"ExtentY": 75,
			"ExtentZ": 75,
			"Yaw": 0,
			"Roll": -0,
			"Pitch": 0,
			"index": 1
		}
	],
	"BP_Jelly1_C_3_F182C072461004E2E4968B8936DEF25D": [
		{
			"Type": 1,
			"LocationX": -1308.2623563569593,
			"LocationY": -534.6483253397239,
			"LocationZ": 134.15236210215488,
			"ExtentX": 75,
			"ExtentY": 75,
			"ExtentZ": 75,
			"Yaw": 0,
			"Roll": -0,
			"Pitch": 0,
			"index": 2
		}
	],
	"BP_Jelly1_C_0_8012110647003F74BB2F50B768C68637": [
		{
			"Type": 1,
			"LocationX": -310.83330480800902,
			"LocationY": -1443.7981008119064,
			"LocationZ": 134.1523703321937,
			"ExtentX": 75,
			"ExtentY": 75,
			"ExtentZ": 75,
			"Yaw": 0,
			"Roll": -0,
			"Pitch": 0,
			"index": 3
		}
	],
	"BP_Jelly1_C_4_A538C16E405296785E132EAA6070DCBC": [
		{
			"Type": 1,
			"LocationX": 461.34846435496326,
			"LocationY": 210.46479732977716,
			"LocationZ": 134.15236064159973,
			"ExtentX": 75,
			"ExtentY": 75,
			"ExtentZ": 75,
			"Yaw": 0,
			"Roll": -0,
			"Pitch": 0,
			"index": 4
		}
	],
	"BP_Jelly1_C_1_8AFA10A940B1142824AEC0A57250B5FF": [
		{
			"Type": 1,
			"LocationX": -9.0258178331336012,
			"LocationY": 728.23817519955946,
			"LocationZ": 134.15235327435397,
			"ExtentX": 75,
			"ExtentY": 75,
			"ExtentZ": 75,
			"Yaw": 0,
			"Roll": -0,
			"Pitch": 0,
			"index": 0
		}
	],
	"BP_Jelly1_C_2_5C532A604B791EE70A6E98B3E64AF467": [
		{
			"Type": 1,
			"LocationX": -1308.2623553337537,
			"LocationY": 328.69099307367992,
			"LocationZ": 134.15236217614535,
			"ExtentX": 75,
			"ExtentY": 75,
			"ExtentZ": 75,
			"Yaw": 0,
			"Roll": -0,
			"Pitch": 0,
			"index": 1
		}
	],
	"BP_Jelly1_C_3_EE11DB2E4BC5E032D4884FB6C83D829A": [
		{
			"Type": 1,
			"LocationX": -1308.2623563569593,
			"LocationY": -534.6483253397239,
			"LocationZ": 134.15236210215488,
			"ExtentX": 75,
			"ExtentY": 75,
			"ExtentZ": 75,
			"Yaw": 0,
			"Roll": -0,
			"Pitch": 0,
			"index": 2
		}
	],
	"BP_Jelly1_C_0_7D7FF0CA4D80B239A859C59831E125CC": [
		{
			"Type": 1,
			"LocationX": -310.83330480800902,
			"LocationY": -1443.7981008119064,
			"LocationZ": 134.1523703321937,
			"ExtentX": 75,
			"ExtentY": 75,
			"ExtentZ": 75,
			"Yaw": 0,
			"Roll": -0,
			"Pitch": 0,
			"index": 3
		}
	],
	"BP_Jelly1_C_4_155C15E4471C887CC60B8FA98AC0F6A2": [
		{
			"Type": 1,
			"LocationX": 461.34846435496326,
			"LocationY": 210.46479732977716,
			"LocationZ": 134.15236064159973,
			"ExtentX": 75,
			"ExtentY": 75,
			"ExtentZ": 75,
			"Yaw": 0,
			"Roll": -0,
			"Pitch": 0,
			"index": 4
		}
	],
	"BP_Jelly1_C_1_3C21A6AC44838B61DEEFCAAA3F62E759": [
		{
			"Type": 1,
			"LocationX": -9.0258178331336012,
			"LocationY": 728.23817519955946,
			"LocationZ": 134.15235327435397,
			"ExtentX": 75,
			"ExtentY": 75,
			"ExtentZ": 75,
			"Yaw": 0,
			"Roll": -0,
			"Pitch": 0,
			"index": 0
		}
	],
	"BP_Jelly1_C_2_CE4AF2424DA053562C96C29557BB755B": [
		{
			"Type": 1,
			"LocationX": -1308.2623553337537,
			"LocationY": 328.69099307367992,
			"LocationZ": 134.15236217614535,
			"ExtentX": 75,
			"ExtentY": 75,
			"ExtentZ": 75,
			"Yaw": 0,
			"Roll": -0,
			"Pitch": 0,
			"index": 1
		}
	],
	"BP_Jelly1_C_3_F869C5D746064F191AF9A7BB891098F1": [
		{
			"Type": 1,
			"LocationX": -1308.2623563569593,
			"LocationY": -534.6483253397239,
			"LocationZ": 134.15236210215488,
			"ExtentX": 75,
			"ExtentY": 75,
			"ExtentZ": 75,
			"Yaw": 0,
			"Roll": -0,
			"Pitch": 0,
			"index": 2
		}
	],
	"BP_Jelly1_C_0_F16EDCCF42AD31814207EE912E082031": [
		{
			"Type": 1,
			"LocationX": -310.83330480800902,
			"LocationY": -1443.7981008119064,
			"LocationZ": 134.1523703321937,
			"ExtentX": 75,
			"ExtentY": 75,
			"ExtentZ": 75,
			"Yaw": 0,
			"Roll": -0,
			"Pitch": 0,
			"index": 3
		}
	],
	"BP_Jelly1_C_4_1FFF53EC4C67230B8DEA89B0B1FE4DDD": [
		{
			"Type": 1,
			"LocationX": 461.34846435496326,
			"LocationY": 210.46479732977716,
			"LocationZ": 134.15236064159973,
			"ExtentX": 75,
			"ExtentY": 75,
			"ExtentZ": 75,
			"Yaw": 0,
			"Roll": -0,
			"Pitch": 0,
			"index": 4
		}
	],
	"BP_Jelly1_C_1_FF10F67847C113F92E7A8A9C46C32B7C": [
		{
			"Type": 1,
			"LocationX": -9.0258178331336012,
			"LocationY": 728.23817519955946,
			"LocationZ": 134.15235327435397,
			"ExtentX": 75,
			"ExtentY": 75,
			"ExtentZ": 75,
			"Yaw": 0,
			"Roll": -0,
			"Pitch": 0,
			"index": 0
		}
	],
	"BP_Jelly1_C_2_54874BEC4A71D284AF759EB30DDF6B83": [
		{
			"Type": 1,
			"LocationX": -1308.2623553337537,
			"LocationY": 328.69099307367992,
			"LocationZ": 134.15236217614535,
			"ExtentX": 75,
			"ExtentY": 75,
			"ExtentZ": 75,
			"Yaw": 0,
			"Roll": -0,
			"Pitch": 0,
			"index": 1
		}
	],
	"BP_Jelly1_C_3_276956BE4DE391FFCF206CAD719ACA37": [
		{
			"Type": 1,
			"LocationX": -1308.2623563569593,
			"LocationY": -534.6483253397239,
			"LocationZ": 134.15236210215488,
			"ExtentX": 75,
			"ExtentY": 75,
			"ExtentZ": 75,
			"Yaw": 0,
			"Roll": -0,
			"Pitch": 0,
			"index": 2
		}
	],
	"BP_Jelly1_C_0_E2E593D6499A2A1B810FF3998C937466": [
		{
			"Type": 1,
			"LocationX": -310.83330480800902,
			"LocationY": -1443.7981008119064,
			"LocationZ": 134.1523703321937,
			"ExtentX": 75,
			"ExtentY": 75,
			"ExtentZ": 75,
			"Yaw": 0,
			"Roll": -0,
			"Pitch": 0,
			"index": 3
		}
	],
	"BP_Jelly1_C_4_93C31EBE45CBCE749813BD8026C35CEC": [
		{
			"Type": 1,
			"LocationX": 461.34846435496326,
			"LocationY": 210.46479732977716,
			"LocationZ": 134.15236064159973,
			"ExtentX": 75,
			"ExtentY": 75,
			"ExtentZ": 75,
			"Yaw": 0,
			"Roll": -0,
			"Pitch": 0,
			"index": 4
		}
	]
}