{
	"BP_Jelly1_C_12_6C91BA1D49B8CF2419457D8B309DBFF7": [
		{
			"Type": 1,
			"LocationX": 4025.9983432535382,
			"LocationY": 10299.978153683731,
			"LocationZ": 153.97576328159852,
			"ExtentX": 75,
			"ExtentY": 75,
			"ExtentZ": 75,
			"Yaw": -179.999999,
			"Roll": 0,
			"Pitch": 0,
			"index": 0
		}
	],
	"BP_Jelly1_C_13_21F97E3248526656C0D012BA35EB8620": [
		{
			"Type": 1,
			"LocationX": -11679.201605,
			"LocationY": 4592.6704170000003,
			"LocationZ": 154.15218300000001,
			"ExtentX": 75,
			"ExtentY": 75,
			"ExtentZ": 75,
			"Yaw": 9.9999999999999982,
			"Roll": 0,
			"Pitch": 0,
			"index": 1
		}
	],
	"BP_Jelly1_C_14_BEF796EB4F341FBDCE6C33B6DCD877B9": [
		{
			"Type": 1,
			"LocationX": 5818.6032489999998,
			"LocationY": 9354.9782269999996,
			"LocationZ": 145.50336999999999,
			"ExtentX": 75,
			"ExtentY": 75,
			"ExtentZ": 75,
			"Yaw": -179.999999,
			"Roll": 0,
			"Pitch": 0,
			"index": 2
		}
	],
	"BP_Jelly1_C_15_2C43B34A4AA73EC25762E6934464EC27": [
		{
			"Type": 1,
			"LocationX": 3995.9983782535378,
			"LocationY": 9584.9781366837306,
			"LocationZ": 153.97576328159852,
			"ExtentX": 75,
			"ExtentY": 75,
			"ExtentZ": 75,
			"Yaw": -179.999999,
			"Roll": 0,
			"Pitch": 0,
			"index": 3
		}
	],
	"BP_Jelly1_C_16_9028A7AB4A8BBCD6B288F5A051ED3CE5": [
		{
			"Type": 1,
			"LocationX": 3995.9983642535381,
			"LocationY": 9869.9781366837306,
			"LocationZ": 153.97576328159852,
			"ExtentX": 75,
			"ExtentY": 75,
			"ExtentZ": 75,
			"Yaw": -179.999999,
			"Roll": 0,
			"Pitch": 0,
			"index": 4
		}
	],
	"BP_Jelly1_C_17_F114356C403D75BD934BEA88A1EDD361": [
		{
			"Type": 1,
			"LocationX": 3995.9983522535381,
			"LocationY": 10124.978136683731,
			"LocationZ": 153.97576328159852,
			"ExtentX": 75,
			"ExtentY": 75,
			"ExtentZ": 75,
			"Yaw": -179.999999,
			"Roll": 0,
			"Pitch": 0,
			"index": 5
		}
	],
	"BP_Jelly1_C_18_82773164410CF282AD8EFA9B3F77897C": [
		{
			"Type": 1,
			"LocationX": 3438.6032890000001,
			"LocationY": 9074.9781109858668,
			"LocationZ": 151.16780847357765,
			"ExtentX": 75,
			"ExtentY": 75,
			"ExtentZ": 75,
			"Yaw": -179.999999,
			"Roll": 0,
			"Pitch": 0,
			"index": 6
		}
	],
	"BP_Jelly1_C_19_225DC1E443F8F2769836F8B967EBD12F": [
		{
			"Type": 1,
			"LocationX": 4003.6033029999999,
			"LocationY": 8804.9781379858669,
			"LocationZ": 151.16780847357765,
			"ExtentX": 75,
			"ExtentY": 75,
			"ExtentZ": 75,
			"Yaw": -179.999999,
			"Roll": 0,
			"Pitch": 0,
			"index": 7
		}
	],
	"BP_Jelly1_C_20_E0FAE532486DB5753A717CAD0B3A2EE1": [
		{
			"Type": 1,
			"LocationX": 4003.603325,
			"LocationY": 8324.9781379858669,
			"LocationZ": 151.16780847357765,
			"ExtentX": 75,
			"ExtentY": 75,
			"ExtentZ": 75,
			"Yaw": -179.999999,
			"Roll": 0,
			"Pitch": 0,
			"index": 8
		}
	],
	"BP_Jelly1_C_21_637CC2D847A7EC3F10BD8FAFB05F39E3": [
		{
			"Type": 1,
			"LocationX": 3438.6033400000001,
			"LocationY": 8014.9781109858668,
			"LocationZ": 151.16780847357765,
			"ExtentX": 75,
			"ExtentY": 75,
			"ExtentZ": 75,
			"Yaw": -179.999999,
			"Roll": 0,
			"Pitch": 0,
			"index": 9
		}
	],
	"BP_Jelly1_C_22_6AD25EEC4A9E72F4FA48BDB96E8B514E": [
		{
			"Type": 1,
			"LocationX": 2743.603325,
			"LocationY": 8339.9780769858662,
			"LocationZ": 151.16780847357765,
			"ExtentX": 75,
			"ExtentY": 75,
			"ExtentZ": 75,
			"Yaw": -179.999999,
			"Roll": 0,
			"Pitch": 0,
			"index": 10
		}
	],
	"BP_Jelly1_C_23_FF41B2C84D6F729312890A9D50114469": [
		{
			"Type": 1,
			"LocationX": 2743.603372,
			"LocationY": 7369.9780791400726,
			"LocationZ": 153.91324040882992,
			"ExtentX": 75,
			"ExtentY": 75,
			"ExtentZ": 75,
			"Yaw": -179.999999,
			"Roll": 0,
			"Pitch": 0,
			"index": 11
		}
	],
	"BP_Jelly1_C_24_25E128944144788939DC98B749FB8236": [
		{
			"Type": 1,
			"LocationX": 2743.6033969999999,
			"LocationY": 6844.9780791400726,
			"LocationZ": 153.91324040882992,
			"ExtentX": 75,
			"ExtentY": 75,
			"ExtentZ": 75,
			"Yaw": -179.999999,
			"Roll": 0,
			"Pitch": 0,
			"index": 12
		}
	],
	"BP_Jelly1_C_25_7A4FCA3946CF451C4727DEB11D171CA0": [
		{
			"Type": 1,
			"LocationX": 2743.6034199999999,
			"LocationY": 6374.9780791400726,
			"LocationZ": 153.91324040882992,
			"ExtentX": 75,
			"ExtentY": 75,
			"ExtentZ": 75,
			"Yaw": -179.999999,
			"Roll": 0,
			"Pitch": 0,
			"index": 13
		}
	],
	"BP_Jelly1_C_26_60CC5ACC499AFF8A735048AC16C8B635": [
		{
			"Type": 1,
			"LocationX": 3473.6033819999998,
			"LocationY": 7159.9781141400726,
			"LocationZ": 153.91324040882992,
			"ExtentX": 75,
			"ExtentY": 75,
			"ExtentZ": 75,
			"Yaw": -179.999999,
			"Roll": 0,
			"Pitch": 0,
			"index": 14
		}
	],
	"BP_Jelly1_C_27_4A40650C44BF32FFC7AE4685ADC94FFE": [
		{
			"Type": 1,
			"LocationX": 3473.6034110000001,
			"LocationY": 6559.9781141400726,
			"LocationZ": 153.91324040882992,
			"ExtentX": 75,
			"ExtentY": 75,
			"ExtentZ": 75,
			"Yaw": -179.999999,
			"Roll": 0,
			"Pitch": 0,
			"index": 15
		}
	],
	"BP_Jelly1_C_28_24A089E24FA078EBA6D7CC8946E7CC2B": [
		{
			"Type": 1,
			"LocationX": 4248.6033719999996,
			"LocationY": 7369.9781521400728,
			"LocationZ": 153.91324040882992,
			"ExtentX": 75,
			"ExtentY": 75,
			"ExtentZ": 75,
			"Yaw": -179.999999,
			"Roll": 0,
			"Pitch": 0,
			"index": 16
		}
	],
	"BP_Jelly1_C_29_BA4DE5434D3D5EE66FB7B9AA2DFF369A": [
		{
			"Type": 1,
			"LocationX": 4248.6033969999999,
			"LocationY": 6844.9781521400728,
			"LocationZ": 153.91324040882992,
			"ExtentX": 75,
			"ExtentY": 75,
			"ExtentZ": 75,
			"Yaw": -179.999999,
			"Roll": 0,
			"Pitch": 0,
			"index": 17
		}
	],
	"BP_Jelly1_C_30_E73B76EC4C69F321B16A41B1B319FCCC": [
		{
			"Type": 1,
			"LocationX": 2278.6034199999999,
			"LocationY": 8049.9781499858664,
			"LocationZ": 161.16780847357765,
			"ExtentX": 75,
			"ExtentY": 75,
			"ExtentZ": 75,
			"Yaw": -179.999999,
			"Roll": 0,
			"Pitch": 0,
			"index": 18
		}
	],
	"BP_Jelly1_C_31_3723F0F946256E793ACA6E844DA5645E": [
		{
			"Type": 1,
			"LocationX": 4943.6033820000002,
			"LocationY": 7159.9781861400725,
			"LocationZ": 153.91324040882992,
			"ExtentX": 75,
			"ExtentY": 75,
			"ExtentZ": 75,
			"Yaw": -179.999999,
			"Roll": 0,
			"Pitch": 0,
			"index": 19
		}
	],
	"BP_Jelly1_C_32_F72C7F9041F17F5F79578DB3B7178FEE": [
		{
			"Type": 1,
			"LocationX": 4943.6034110000001,
			"LocationY": 6559.9781861400725,
			"LocationZ": 153.91324040882992,
			"ExtentX": 75,
			"ExtentY": 75,
			"ExtentZ": 75,
			"Yaw": -179.999999,
			"Roll": 0,
			"Pitch": 0,
			"index": 20
		}
	],
	"BP_Jelly1_C_33_4BFA962947E2D0F519A43085EEF56A4F": [
		{
			"Type": 1,
			"LocationX": 5728.6033719999996,
			"LocationY": 7369.9782241400726,
			"LocationZ": 153.91324040882992,
			"ExtentX": 75,
			"ExtentY": 75,
			"ExtentZ": 75,
			"Yaw": -179.999999,
			"Roll": 0,
			"Pitch": 0,
			"index": 21
		}
	],
	"BP_Jelly1_C_34_66E0F5E748301AC0DC04A7980FF09769": [
		{
			"Type": 1,
			"LocationX": 5728.6033969999999,
			"LocationY": 6844.9782241400726,
			"LocationZ": 153.91324040882992,
			"ExtentX": 75,
			"ExtentY": 75,
			"ExtentZ": 75,
			"Yaw": -179.999999,
			"Roll": 0,
			"Pitch": 0,
			"index": 22
		}
	],
	"BP_Jelly1_C_35_5A9543564927C34DEFC775B8A32041E1": [
		{
			"Type": 1,
			"LocationX": 5728.6034200000004,
			"LocationY": 6374.9782241400726,
			"LocationZ": 153.91324040882992,
			"ExtentX": 75,
			"ExtentY": 75,
			"ExtentZ": 75,
			"Yaw": -179.999999,
			"Roll": 0,
			"Pitch": 0,
			"index": 23
		}
	],
	"BP_Jelly1_C_36_3286E1B44C9A8A9408949BBDD34018DD": [
		{
			"Type": 1,
			"LocationX": -12209.201605,
			"LocationY": 5347.6704170000003,
			"LocationZ": 154.15218300000001,
			"ExtentX": 75,
			"ExtentY": 75,
			"ExtentZ": 75,
			"Yaw": 0,
			"Roll": -0,
			"Pitch": 0,
			"index": 24
		}
	],
	"BP_Jelly1_C_37_AD73F635480FA32D14D85996490836E0": [
		{
			"Type": 1,
			"LocationX": -11399.201605,
			"LocationY": 5347.6704170000003,
			"LocationZ": 154.15218300000001,
			"ExtentX": 75,
			"ExtentY": 75,
			"ExtentZ": 75,
			"Yaw": 0,
			"Roll": -0,
			"Pitch": 0,
			"index": 25
		}
	],