{
	"BP_Jelly1_C_0_F8DEF5A54D0AFE47E4A726A1D0670E0D": [
		{
			"Type": 1,
			"LocationX": 9016.3101489680612,
			"LocationY": 9242.0705788267769,
			"LocationZ": 135.61147016075262,
			"ExtentX": 75,
			"ExtentY": 75,
			"ExtentZ": 75,
			"Yaw": -179.99999860565413,
			"Roll": 0,
			"Pitch": 0,
			"index": 0
		}
	],
	"BP_Jelly1_C_1_CC0B17644C02271048C21495F68D5425": [
		{
			"Type": 1,
			"LocationX": 9016.3102438055485,
			"LocationY": 7293.5629488302657,
			"LocationZ": 135.61147143293232,
			"ExtentX": 75,
			"ExtentY": 75,
			"ExtentZ": 75,
			"Yaw": -179.99999860565413,
			"Roll": 0,
			"Pitch": 0,
			"index": 1
		}
	],
	"BP_Jelly1_C_10_0E38A3D24E67D8163A138282A57CFD95": [
		{
			"Type": 1,
			"LocationX": 4748.8949141004814,
			"LocationY": 13429.851538449482,
			"LocationZ": 135.61147340899097,
			"ExtentX": 75,
			"ExtentY": 75,
			"ExtentZ": 75,
			"Yaw": -179.999999,
			"Roll": 0,
			"Pitch": 0,
			"index": 2
		}
	],
	"BP_Jelly1_C_11_FBAD44334EF6DE75683D129C30337BA9": [
		{
			"Type": 1,
			"LocationX": 2438.6906434956582,
			"LocationY": 11565.869863920823,
			"LocationZ": 135.61148026532948,
			"ExtentX": 75,
			"ExtentY": 75,
			"ExtentZ": 75,
			"Yaw": -179.99999860565413,
			"Roll": 0,
			"Pitch": 0,
			"index": 3
		}
	],
	"BP_Jelly1_C_12_E46FB0A34FDF28B09EDBB7A743504188": [
		{
			"Type": 1,
			"LocationX": 9016.3102111983007,
			"LocationY": 7967.0339503635805,
			"LocationZ": 135.61147753932613,
			"ExtentX": 75,
			"ExtentY": 75,
			"ExtentZ": 75,
			"Yaw": -179.99999860565413,
			"Roll": 0,
			"Pitch": 0,
			"index": 4
		}
	],
	"BP_Jelly1_C_13_860533834378DBFD03BC71BDD5128258": [
		{
			"Type": 1,
			"LocationX": 4559.9371603849813,
			"LocationY": 13429.851530175591,
			"LocationZ": 135.61147652521936,
			"ExtentX": 75,
			"ExtentY": 75,
			"ExtentZ": 75,
			"Yaw": -179.999999,
			"Roll": 0,
			"Pitch": 0,
			"index": 5
		}
	],
	"BP_Jelly1_C_14_531E33064A7A71C250E59882D45AB6EB": [
		{
			"Type": 1,
			"LocationX": 7046.5608880886812,
			"LocationY": 16518.354397719384,
			"LocationZ": 135.61148969851675,
			"ExtentX": 75,
			"ExtentY": 75,
			"ExtentZ": 75,
			"Yaw": -179.99999860565413,
			"Roll": 0,
			"Pitch": 0,
			"index": 6
		}
	],
	"BP_Jelly1_C_15_E3B2BDFF4BE428949777558BDCAFA6C1": [
		{
			"Type": 1,
			"LocationX": 4540.9341378015597,
			"LocationY": 11944.723021269851,
			"LocationZ": 135.6114949812891,
			"ExtentX": 75,
			"ExtentY": 75,
			"ExtentZ": 75,
			"Yaw": -179.999999,
			"Roll": 0,
			"Pitch": 0,
			"index": 7
		}
	],
	"BP_Jelly1_C_2_6822F33B417CD0EB3EF2788F88397175": [
		{
			"Type": 1,
			"LocationX": 11375.037874401914,
			"LocationY": 7293.5630631672066,
			"LocationZ": 135.61145764289762,
			"ExtentX": 75,
			"ExtentY": 75,
			"ExtentZ": 75,
			"Yaw": -179.99999860565413,
			"Roll": 0,
			"Pitch": 0,
			"index": 8
		}
	],
	"BP_Jelly1_C_22_7B2C6D40445241F50DB447B16615D1AE": [
		{
			"Type": 1,
			"LocationX": 7089.9523068334638,
			"LocationY": 15717.575491929621,
			"LocationZ": 135.61145221622027,
			"ExtentX": 75,
			"ExtentY": 75,
			"ExtentZ": 75,
			"Yaw": -179.99999860565413,
			"Roll": 0,
			"Pitch": 0,
			"index": 9
		}
	],
	"BP_Jelly1_C_23_10B3155C4B8E6BC2E3FA7BBE158CE9D3": [
		{
			"Type": 1,
			"LocationX": 7671.6439381553773,
			"LocationY": 16898.301872491982,
			"LocationZ": 135.6114845152708,
			"ExtentX": 75,
			"ExtentY": 75,
			"ExtentZ": 75,
			"Yaw": -179.99999860565413,
			"Roll": 0,
			"Pitch": 0,
			"index": 10
		}
	],
	"BP_Jelly1_C_26_7973F6BD49F1BB22E11180A5BFB1E32F": [
		{
			"Type": 1,
			"LocationX": 9016.3101614022944,
			"LocationY": 8986.5998176597495,
			"LocationZ": 135.61145061686267,
			"ExtentX": 75,
			"ExtentY": 75,
			"ExtentZ": 75,
			"Yaw": -179.99999860565413,
			"Roll": 0,
			"Pitch": 0,
			"index": 11
		}
	],
	"BP_Jelly1_C_27_01E223D447849E911AA8B7AEDB2CDBCB": [
		{
			"Type": 1,
			"LocationX": 9016.3101755317566,
			"LocationY": 8696.2993696159174,
			"LocationZ": 135.61145372191396,
			"ExtentX": 75,
			"ExtentY": 75,
			"ExtentZ": 75,
			"Yaw": -179.99999860565413,
			"Roll": 0,
			"Pitch": 0,
			"index": 12
		}
	],
	"BP_Jelly1_C_30_11A2523B4D875BAC1CDAE0A178FEF494": [
		{
			"Type": 1,
			"LocationX": 4406.0030238188237,
			"LocationY": 12089.213427157645,
			"LocationZ": 135.61149471297819,
			"ExtentX": 75,
			"ExtentY": 75,
			"ExtentZ": 75,
			"Yaw": -179.99999860565413,
			"Roll": 0,
			"Pitch": 0,
			"index": 13
		}
	],
	"BP_Jelly1_C_31_B6EB89BA4825900F2544CB939B51F6FE": [
		{
			"Type": 1,
			"LocationX": 4865.0876718264899,
			"LocationY": 12072.943472018178,
			"LocationZ": 135.61147431485136,
			"ExtentX": 75,
			"ExtentY": 75,
			"ExtentZ": 75,
			"Yaw": -179.99999860565413,
			"Roll": 0,
			"Pitch": 0,
			"index": 14
		}
	],
	"BP_Jelly1_C_32_C82CD3CF48568C241023F188EBB0B0EE": [
		{
			"Type": 1,
			"LocationX": 4691.8222478135003,
			"LocationY": 12140.599323894923,
			"LocationZ": 135.61147885718,
			"ExtentX": 75,
			"ExtentY": 75,
			"ExtentZ": 75,
			"Yaw": -179.99999860565413,
			"Roll": 0,
			"Pitch": 0,
			"index": 15
		}
	],
	"BP_Jelly1_C_37_17E1518D4253C2D44ACC76BE859E881F": [
		{
			"Type": 1,
			"LocationX": 1511.6896948501351,
			"LocationY": 9557.8652708611771,
			"LocationZ": 135.61147097457157,
			"ExtentX": 75,
			"ExtentY": 75,
			"ExtentZ": 75,
			"Yaw": -179.99999860565413,
			"Roll": 0,
			"Pitch": 0,
			"index": 16
		}
	],
	"BP_Jelly1_C_38_AEF0DA524ACE496C51862786CE267F5E": [
		{
			"Type": 1,
			"LocationX": 1471.126161775702,
			"LocationY": 9085.565147764315,
			"LocationZ": 135.61147589761424,
			"ExtentX": 75,
			"ExtentY": 75,
			"ExtentZ": 75,
			"Yaw": -179.99999860565413,
			"Roll": 0,
			"Pitch": 0,
			"index": 17
		}
	],
	"BP_Jelly1_C_39_EE3EC38E4B1FAE8C52C51C9F71C1B0D0": [
		{
			"Type": 1,
			"LocationX": 1295.1958879433791,
			"LocationY": 9231.1710858957067,
			"LocationZ": 135.61147136295855,
			"ExtentX": 75,
			"ExtentY": 75,
			"ExtentZ": 75,
			"Yaw": -179.99999860565413,
			"Roll": 0,
			"Pitch": 0,
			"index": 18
		}
	],
	"BP_Jelly1_C_4_AE044C694FF16E3836873DAFE95B3553": [
		{
			"Type": 1,
			"LocationX": 1513.6768488649075,
			"LocationY": 9351.7607300123382,
			"LocationZ": 135.6114710000067,
			"ExtentX": 75,
			"ExtentY": 75,
			"ExtentZ": 75,
			"Yaw": -179.99999860565413,
			"Roll": 0,
			"Pitch": 0,
			"index": 19
		}
	],
	"BP_Jelly1_C_40_7A7AB4EC427D8BD4EE2D15893154E51B": [
		{
			"Type": 1,
			"LocationX": 1200.0562852884066,
			"LocationY": 9542.0233977363969,
			"LocationZ": 135.61146723194585,
			"ExtentX": 75,
			"ExtentY": 75,
			"ExtentZ": 75,
			"Yaw": -179.99999860565413,
			"Roll": 0,
			"Pitch": 0,
			"index": 20
		}
	],
	"BP_Jelly1_C_41_388D60454A8C34EA0F19AAA0F2F784A2": [
		{
			"Type": 1,
			"LocationX": 1180.5720296814432,
			"LocationY": 6945.9845077271166,
			"LocationZ": 135.61148824774335,
			"ExtentX": 75,
			"ExtentY": 75,
			"ExtentZ": 75,
			"Yaw": -179.99999860565413,
			"Roll": 0,
			"Pitch": 0,
			"index": 21
		}
	],
	"BP_Jelly1_C_42_9A53D06A46BA184041C25B932C43061E": [
		{
			"Type": 1,
			"LocationX": 1213.3689950002406,
			"LocationY": 7592.6488427521326,
			"LocationZ": 135.61149087892767,
			"ExtentX": 75,
			"ExtentY": 75,
			"ExtentZ": 75,
			"Yaw": -179.99999860565413,
			"Roll": 0,
			"Pitch": 0,
			"index": 22
		}
	],
	"BP_Jelly1_C_43_14854534433FE0FF2AA4718FC4C6E6C0": [
		{
			"Type": 1,
			"LocationX": 1198.0546572250857,
			"LocationY": 7253.1806443485257,
			"LocationZ": 135.61149083591971,
			"ExtentX": 75,
			"ExtentY": 75,
			"ExtentZ": 75,
			"Yaw": -179.99999860565413,
			"Roll": 0,
			"Pitch": 0,
			"index": 23
		}
	],
	"BP_Jelly1_C_44_B9AC0A3E48981EBF27BD3585B9064A62": [
		{
			"Type": 1,
			"LocationX": 1361.8778725735053,
			"LocationY": 7099.8135824461915,
			"LocationZ": 135.61146912691581,
			"ExtentX": 75,
			"ExtentY": 75,
			"ExtentZ": 75,
			"Yaw": -179.99999860565413,
			"Roll": 0,
			"Pitch": 0,
			"index": 24
		}
	],
	"BP_Jelly1_C_45_73B4A16F464E68F10D30F1B79F12BD2D": [
		{
			"Type": 1,
			"LocationX": 11375.037579701322,