{
	"BP_Jelly1_C_12_958706A74FA0DD8016166B88157C8077": [
		{
			"Type": 1,
			"LocationX": 18360.179685441955,
			"LocationY": 22281.001209153481,
			"LocationZ": 136.0008087382638,
			"ExtentX": 75,
			"ExtentY": 75,
			"ExtentZ": 75,
			"Yaw": -179.999999,
			"Roll": 0,
			"Pitch": 0,
			"index": 0
		}
	],
	"BP_Jelly1_C_13_1923C3ED4390C74BA03D688D000C1617": [
		{
			"Type": 1,
			"LocationX": 2654.9797330482779,
			"LocationY": 16573.693472469749,
			"LocationZ": 169.07027051435833,
			"ExtentX": 75,
			"ExtentY": 75,
			"ExtentZ": 75,
			"Yaw": 9.9999999999999982,
			"Roll": 0,
			"Pitch": 0,
			"index": 1
		}
	],
	"BP_Jelly1_C_14_E522D2F24DCAE73A6DF27AB039155E2D": [
		{
			"Type": 1,
			"LocationX": 20152.784591188418,
			"LocationY": 21336.001282469748,
			"LocationZ": 127.52841545666527,
			"ExtentX": 75,
			"ExtentY": 75,
			"ExtentZ": 75,
			"Yaw": -179.999999,
			"Roll": 0,
			"Pitch": 0,
			"index": 2
		}
	],
	"BP_Jelly1_C_15_892FCBA44185C78A28EB6896139CD260": [
		{
			"Type": 1,
			"LocationX": 18330.179720441956,
			"LocationY": 21566.001192153479,
			"LocationZ": 136.0008087382638,
			"ExtentX": 75,
			"ExtentY": 75,
			"ExtentZ": 75,
			"Yaw": -179.999999,
			"Roll": 0,
			"Pitch": 0,
			"index": 3
		}
	],
	"BP_Jelly1_C_16_8571FBBE49C9E4B8EC836CAF6B243A5D": [
		{
			"Type": 1,
			"LocationX": 18330.179706441955,
			"LocationY": 21851.001192153479,
			"LocationZ": 136.0008087382638,
			"ExtentX": 75,
			"ExtentY": 75,
			"ExtentZ": 75,
			"Yaw": -179.999999,
			"Roll": 0,
			"Pitch": 0,
			"index": 4
		}
	],
	"BP_Jelly1_C_17_F267562946B06DE825018EBDE499FECF": [
		{
			"Type": 1,
			"LocationX": 18330.179694441955,
			"LocationY": 22106.001192153479,
			"LocationZ": 136.0008087382638,
			"ExtentX": 75,
			"ExtentY": 75,
			"ExtentZ": 75,
			"Yaw": -179.999999,
			"Roll": 0,
			"Pitch": 0,
			"index": 5
		}
	],
	"BP_Jelly1_C_18_79B3ED0C4FD87DBF44C2F9935F5B494E": [
		{
			"Type": 1,
			"LocationX": 17772.78463118842,
			"LocationY": 21056.001166455615,
			"LocationZ": 133.19285393024293,
			"ExtentX": 75,
			"ExtentY": 75,
			"ExtentZ": 75,
			"Yaw": -179.999999,
			"Roll": 0,
			"Pitch": 0,
			"index": 6
		}
	],
	"BP_Jelly1_C_19_30211CEA4EE70793694DB2BDB24B18AC": [
		{
			"Type": 1,
			"LocationX": 18337.784645188418,
			"LocationY": 20786.001193455617,
			"LocationZ": 133.19285393024293,
			"ExtentX": 75,
			"ExtentY": 75,
			"ExtentZ": 75,
			"Yaw": -179.999999,
			"Roll": 0,
			"Pitch": 0,
			"index": 7
		}
	],
	"BP_Jelly1_C_20_E6ABE9E8477B5E972935EF9FB1163030": [
		{
			"Type": 1,
			"LocationX": 18337.784667188418,
			"LocationY": 20306.001193455617,
			"LocationZ": 133.19285393024293,
			"ExtentX": 75,
			"ExtentY": 75,
			"ExtentZ": 75,
			"Yaw": -179.999999,
			"Roll": 0,
			"Pitch": 0,
			"index": 8
		}
	],
	"BP_Jelly1_C_21_FA0B40814C1E6B3E3109569DBB81E52D": [
		{
			"Type": 1,
			"LocationX": 17772.784682188416,
			"LocationY": 19996.001166455615,
			"LocationZ": 133.19285393024293,
			"ExtentX": 75,
			"ExtentY": 75,
			"ExtentZ": 75,
			"Yaw": -179.999999,
			"Roll": 0,
			"Pitch": 0,
			"index": 9
		}
	],
	"BP_Jelly1_C_22_BEE24EE5421184396E00BA8840953428": [
		{
			"Type": 1,
			"LocationX": 17077.784667188418,
			"LocationY": 20321.001132455614,
			"LocationZ": 133.19285393024293,
			"ExtentX": 75,
			"ExtentY": 75,
			"ExtentZ": 75,
			"Yaw": -179.999999,
			"Roll": 0,
			"Pitch": 0,
			"index": 10
		}
	],
	"BP_Jelly1_C_23_5DE6F8AF4C4B0553CEDE858C46D6B3C3": [
		{
			"Type": 1,
			"LocationX": 17077.784714188419,
			"LocationY": 19351.001134609822,
			"LocationZ": 135.9382858654952,
			"ExtentX": 75,
			"ExtentY": 75,
			"ExtentZ": 75,
			"Yaw": -179.999999,
			"Roll": 0,
			"Pitch": 0,
			"index": 11
		}
	],
	"BP_Jelly1_C_24_EB33A78E4A85BD096013B7B3AEB40588": [
		{
			"Type": 1,
			"LocationX": 17077.784739188417,
			"LocationY": 18826.001134609822,
			"LocationZ": 135.9382858654952,
			"ExtentX": 75,
			"ExtentY": 75,
			"ExtentZ": 75,
			"Yaw": -179.999999,
			"Roll": 0,
			"Pitch": 0,
			"index": 12
		}
	],
	"BP_Jelly1_C_25_3ADF5BC641FC85EC3C8F2C8090B38524": [
		{
			"Type": 1,
			"LocationX": 17077.784762188418,
			"LocationY": 18356.001134609822,
			"LocationZ": 135.9382858654952,
			"ExtentX": 75,
			"ExtentY": 75,
			"ExtentZ": 75,
			"Yaw": -179.999999,
			"Roll": 0,
			"Pitch": 0,
			"index": 13
		}
	],
	"BP_Jelly1_C_26_8E6514F24362EC0AD3C6E5A1D91FDAB0": [
		{
			"Type": 1,
			"LocationX": 17807.784724188416,
			"LocationY": 19141.001169609823,
			"LocationZ": 135.9382858654952,
			"ExtentX": 75,
			"ExtentY": 75,
			"ExtentZ": 75,
			"Yaw": -179.999999,
			"Roll": 0,
			"Pitch": 0,
			"index": 14
		}
	],
	"BP_Jelly1_C_27_31FA8B3D40C30231944E99A5293B4795": [
		{
			"Type": 1,
			"LocationX": 17807.784753188418,
			"LocationY": 18541.001169609823,
			"LocationZ": 135.9382858654952,
			"ExtentX": 75,
			"ExtentY": 75,
			"ExtentZ": 75,
			"Yaw": -179.999999,
			"Roll": 0,
			"Pitch": 0,
			"index": 15
		}
	],
	"BP_Jelly1_C_28_D5FC50CE4855A8D408D9BF8AA865AAC6": [
		{
			"Type": 1,
			"LocationX": 18582.784714188419,
			"LocationY": 19351.001207609821,
			"LocationZ": 135.9382858654952,
			"ExtentX": 75,
			"ExtentY": 75,
			"ExtentZ": 75,
			"Yaw": -179.999999,
			"Roll": 0,
			"Pitch": 0,
			"index": 16
		}
	],
	"BP_Jelly1_C_29_7805FB774D010D0D8F2F4DAA6E472553": [
		{
			"Type": 1,
			"LocationX": 18582.784739188417,
			"LocationY": 18826.001207609821,
			"LocationZ": 135.9382858654952,
			"ExtentX": 75,
			"ExtentY": 75,
			"ExtentZ": 75,
			"Yaw": -179.999999,
			"Roll": 0,
			"Pitch": 0,
			"index": 17
		}
	],
	"BP_Jelly1_C_30_33FCCDD64C329094CC539194B0592327": [
		{
			"Type": 1,
			"LocationX": 16612.784762188418,
			"LocationY": 20031.001205455614,
			"LocationZ": 143.19285393024293,
			"ExtentX": 75,
			"ExtentY": 75,
			"ExtentZ": 75,
			"Yaw": -179.999999,
			"Roll": 0,
			"Pitch": 0,
			"index": 18
		}
	],
	"BP_Jelly1_C_31_8B9F8D484D7FA2906F8584A7FE65C20B": [
		{
			"Type": 1,
			"LocationX": 19277.784724188419,
			"LocationY": 19141.001241609822,
			"LocationZ": 135.9382858654952,
			"ExtentX": 75,
			"ExtentY": 75,
			"ExtentZ": 75,
			"Yaw": -179.999999,
			"Roll": 0,
			"Pitch": 0,
			"index": 19
		}
	],
	"BP_Jelly1_C_32_5D4F48324899C3DC50AA22B53DE609E3": [
		{
			"Type": 1,
			"LocationX": 19277.784753188418,
			"LocationY": 18541.001241609822,
			"LocationZ": 135.9382858654952,
			"ExtentX": 75,
			"ExtentY": 75,
			"ExtentZ": 75,
			"Yaw": -179.999999,
			"Roll": 0,
			"Pitch": 0,
			"index": 20
		}
	],
	"BP_Jelly1_C_33_4668D5054DFA11DE9A19948A95A5ACD2": [
		{
			"Type": 1,
			"LocationX": 20062.784714188419,
			"LocationY": 19351.00127960982,
			"LocationZ": 135.9382858654952,
			"ExtentX": 75,
			"ExtentY": 75,
			"ExtentZ": 75,
			"Yaw": -179.999999,
			"Roll": 0,
			"Pitch": 0,
			"index": 21
		}
	],
	"BP_Jelly1_C_34_A026AD1749010E72D8A178A52EB8D176": [
		{
			"Type": 1,
			"LocationX": 20062.784739188417,
			"LocationY": 18826.00127960982,
			"LocationZ": 135.9382858654952,
			"ExtentX": 75,
			"ExtentY": 75,
			"ExtentZ": 75,
			"Yaw": -179.999999,
			"Roll": 0,
			"Pitch": 0,
			"index": 22
		}
	],
	"BP_Jelly1_C_35_C953A61A4B54614F1566FCA528E05EA9": [
		{
			"Type": 1,
			"LocationX": 20062.784762188418,
			"LocationY": 18356.00127960982,
			"LocationZ": 135.9382858654952,
			"ExtentX": 75,
			"ExtentY": 75,
			"ExtentZ": 75,
			"Yaw": -179.999999,
			"Roll": 0,
			"Pitch": 0,
			"index": 23
		}
	],
	"BP_Jelly1_C_36_CD218BFB4C98D9DF12295F9DD65605CC": [
		{
			"Type": 1,
			"LocationX": 2124.9797330482779,
			"LocationY": 17328.693472469749,
			"LocationZ": 169.07027051435833,
			"ExtentX": 75,
			"ExtentY": 75,
			"ExtentZ": 75,
			"Yaw": 0,
			"Roll": -0,
			"Pitch": 0,
			"index": 24
		}
	],
	"BP_Jelly1_C_37_0137817A4060862B45DAE5936D5935E5": [
		{
			"Type": 1,
			"LocationX": 2935.967152836738,
			"LocationY": 17328.693472469749,
			"LocationZ": 169.07027051435833,
			"ExtentX": 75,
			"ExtentY": 75,
			"ExtentZ": 75,
			"Yaw": 0,
			"Roll": -0,
			"Pitch": 0,
			"index": 25
		}
	],