{
	"BP_Jelly1_C_0_0F35073A473DB7AE2882AE95967A591F": [
		{
			"Type": 1,
			"LocationX": 4377.5058240923572,
			"LocationY": 15472.38005554359,
			"LocationZ": 157.19066166859398,
			"ExtentX": 75,
			"ExtentY": 75,
			"ExtentZ": 75,
			"Yaw": 0,
			"Roll": -0,
			"Pitch": 0,
			"index": 0
		}
	],
	"BP_Jelly1_C_1_D5F3258545A4D53E1A8D6C90D19E0434": [
		{
			"Type": 1,
			"LocationX": 16447.190896608528,
			"LocationY": 7993.243783112739,
			"LocationZ": 137.48378887009306,
			"ExtentX": 75,
			"ExtentY": 75,
			"ExtentZ": 75,
			"Yaw": 0,
			"Roll": -0,
			"Pitch": 0,
			"index": 1
		}
	],
	"BP_Jelly1_C_10_0ACC5EB54B27E7E63467BC9C8FC282A8": [
		{
			"Type": 1,
			"LocationX": 11129.2558595221,
			"LocationY": 9544.8364098434067,
			"LocationZ": 138.22139939760956,
			"ExtentX": 75,
			"ExtentY": 75,
			"ExtentZ": 75,
			"Yaw": 0,
			"Roll": -0,
			"Pitch": 0,
			"index": 2
		}
	],
	"BP_Jelly1_C_11_03BD5F35461E5B8BFC42EDBB9E76958B": [
		{
			"Type": 1,
			"LocationX": 10014.867168618232,
			"LocationY": 18800.715222825325,
			"LocationZ": 137.48377341309259,
			"ExtentX": 75,
			"ExtentY": 75,
			"ExtentZ": 75,
			"Yaw": 0,
			"Roll": -0,
			"Pitch": 0,
			"index": 3
		}
	],
	"BP_Jelly1_C_12_340E42584C3E2AAB4ABBED9B6EE64183": [
		{
			"Type": 1,
			"LocationX": 8492.5893076536759,
			"LocationY": 11472.07209647285,
			"LocationZ": 138.22133454116198,
			"ExtentX": 75,
			"ExtentY": 75,
			"ExtentZ": 75,
			"Yaw": 0,
			"Roll": -0,
			"Pitch": 0,
			"index": 4
		}
	],
	"BP_Jelly1_C_13_036A5CF3424B34A5FF79D899867C6943": [
		{
			"Type": 1,
			"LocationX": 11173.63901874423,
			"LocationY": 9197.5992884071366,
			"LocationZ": 138.22140442691398,
			"ExtentX": 75,
			"ExtentY": 75,
			"ExtentZ": 75,
			"Yaw": 0,
			"Roll": -0,
			"Pitch": 0,
			"index": 5
		}
	],
	"BP_Jelly1_C_14_68B0523049291DDE5864A19D65211DF2": [
		{
			"Type": 1,
			"LocationX": 15637.311048770829,
			"LocationY": 17674.747721303011,
			"LocationZ": 137.25638235142452,
			"ExtentX": 75,
			"ExtentY": 75,
			"ExtentZ": 75,
			"Yaw": 0,
			"Roll": -0,
			"Pitch": 0,
			"index": 6
		}
	],
	"BP_Jelly1_C_15_A182CFC74F63C7AD1E663DA5F3A589E6": [
		{
			"Type": 1,
			"LocationX": 10026.148355892397,
			"LocationY": 9815.1678065317901,
			"LocationZ": 138.22139939760865,
			"ExtentX": 75,
			"ExtentY": 75,
			"ExtentZ": 75,
			"Yaw": 0,
			"Roll": -0,
			"Pitch": 0,
			"index": 7
		}
	],
	"BP_Jelly1_C_2_3BF904E54F58C602D743F6802C85F638": [
		{
			"Type": 1,
			"LocationX": 7465.6743980873907,
			"LocationY": 17827.254990373553,
			"LocationZ": 142.53069634932348,
			"ExtentX": 75,
			"ExtentY": 75,
			"ExtentZ": 75,
			"Yaw": 0,
			"Roll": -0,
			"Pitch": 0,
			"index": 8
		}
	],
	"BP_Jelly1_C_22_A697F59F486D67D59A4F8F91DC09DD54": [
		{
			"Type": 1,
			"LocationX": 12102.037081595217,
			"LocationY": 6368.0721247591455,
			"LocationZ": 133.96278513258625,
			"ExtentX": 75,
			"ExtentY": 75,
			"ExtentZ": 75,
			"Yaw": 0,
			"Roll": -0,
			"Pitch": 0,
			"index": 9
		}
	],
	"BP_Jelly1_C_23_2EC225684BB3953D7AFB588A7B39C39E": [
		{
			"Type": 1,
			"LocationX": 11852.037693602519,
			"LocationY": 6339.6894062159872,
			"LocationZ": 133.96278513258625,
			"ExtentX": 75,
			"ExtentY": 75,
			"ExtentZ": 75,
			"Yaw": 0,
			"Roll": -0,
			"Pitch": 0,
			"index": 10
		}
	],
	"BP_Jelly1_C_26_7FF379A74EAEFAD33A6A18BA53288EC9": [
		{
			"Type": 1,
			"LocationX": 11674.876909763863,
			"LocationY": 9249.5216673203267,
			"LocationZ": 133.96278513258716,
			"ExtentX": 75,
			"ExtentY": 75,
			"ExtentZ": 75,
			"Yaw": 0,
			"Roll": -0,
			"Pitch": 0,
			"index": 11
		}
	],
	"BP_Jelly1_C_27_605C721A4A808E8B907047B4ACB94F64": [
		{
			"Type": 1,
			"LocationX": 11332.37828298575,
			"LocationY": 8718.7137960279033,
			"LocationZ": 133.96278513258716,
			"ExtentX": 75,
			"ExtentY": 75,
			"ExtentZ": 75,
			"Yaw": 0,
			"Roll": -0,
			"Pitch": 0,
			"index": 12
		}
	],
	"BP_Jelly1_C_30_61551F734F00DC67A6B9E2A7D305E7AF": [
		{
			"Type": 1,
			"LocationX": 15666.210984711008,
			"LocationY": 15207.201507264912,
			"LocationZ": 137.48397696500382,
			"ExtentX": 75,
			"ExtentY": 75,
			"ExtentZ": 75,
			"Yaw": 0,
			"Roll": -0,
			"Pitch": 0,
			"index": 13
		}
	],
	"BP_Jelly1_C_31_7A4317FA438EEDAC9EC477A0E01EF020": [
		{
			"Type": 1,
			"LocationX": 11526.778184591893,
			"LocationY": 6782.433953784499,
			"LocationZ": 133.96278548718863,
			"ExtentX": 75,
			"ExtentY": 75,
			"ExtentZ": 75,
			"Yaw": 0,
			"Roll": -0,
			"Pitch": 0,
			"index": 14
		}
	],
	"BP_Jelly1_C_32_488A87E548B94D24DF7155893B6934D5": [
		{
			"Type": 1,
			"LocationX": 12186.985873394742,
			"LocationY": 6790.9730946307109,
			"LocationZ": 133.96278513258625,
			"ExtentX": 75,
			"ExtentY": 75,
			"ExtentZ": 75,
			"Yaw": 0,
			"Roll": -0,
			"Pitch": 0,
			"index": 15
		}
	],
	"BP_Jelly1_C_37_1281C07C4CB98FA258444E9DE0143B3E": [
		{
			"Type": 1,
			"LocationX": 10067.827106940676,
			"LocationY": 12312.953188084592,
			"LocationZ": 137.4837791613549,
			"ExtentX": 75,
			"ExtentY": 75,
			"ExtentZ": 75,
			"Yaw": 0,
			"Roll": -0,
			"Pitch": 0,
			"index": 16
		}
	],
	"BP_Jelly1_C_38_BF8976734013CD906C461EBD837B4F9D": [
		{
			"Type": 1,
			"LocationX": 16801.459817281877,
			"LocationY": 13387.819994487429,
			"LocationZ": 137.48386721284805,
			"ExtentX": 75,
			"ExtentY": 75,
			"ExtentZ": 75,
			"Yaw": 0,
			"Roll": -0,
			"Pitch": 0,
			"index": 17
		}
	],
	"BP_Jelly1_C_39_AFA2192D473E58F8D4013391B2067E74": [
		{
			"Type": 1,
			"LocationX": 16467.239650836331,
			"LocationY": 13393.730291454558,
			"LocationZ": 137.48272744575399,
			"ExtentX": 75,
			"ExtentY": 75,
			"ExtentZ": 75,
			"Yaw": 0,
			"Roll": -0,
			"Pitch": 0,
			"index": 18
		}
	],
	"BP_Jelly1_C_4_1DA68B294D60850DFDC7F1A886A5CB11": [
		{
			"Type": 1,
			"LocationX": 10272.094331903414,
			"LocationY": 9815.1678065317901,
			"LocationZ": 138.22139733843466,
			"ExtentX": 75,
			"ExtentY": 75,
			"ExtentZ": 75,
			"Yaw": 0,
			"Roll": -0,
			"Pitch": 0,
			"index": 19
		}
	],
	"BP_Jelly1_C_40_3F9AF48B438BE17D8D06B3BB4E8B1A6F": [
		{
			"Type": 1,
			"LocationX": 11852.037683089928,
			"LocationY": 8474.518614081142,
			"LocationZ": 133.96278513258716,
			"ExtentX": 75,
			"ExtentY": 75,
			"ExtentZ": 75,
			"Yaw": 0,
			"Roll": -0,
			"Pitch": 0,
			"index": 20
		}
	],
	"BP_Jelly1_C_41_C80D38674451390661E5B49ABA638ACF": [
		{
			"Type": 1,
			"LocationX": 11388.236105510872,
			"LocationY": 6339.6894202140275,
			"LocationZ": 133.9627851325867,
			"ExtentX": 75,
			"ExtentY": 75,
			"ExtentZ": 75,
			"Yaw": 0,
			"Roll": -0,
			"Pitch": 0,
			"index": 21
		}
	],
	"BP_Jelly1_C_42_A8F2A70E4592EBE2F8ED8A97EEB8B0F2": [
		{
			"Type": 1,
			"LocationX": 15679.555193348026,
			"LocationY": 8372.2540557384345,
			"LocationZ": 137.48380327903095,
			"ExtentX": 75,
			"ExtentY": 75,
			"ExtentZ": 75,
			"Yaw": 0,
			"Roll": -0,
			"Pitch": 0,
			"index": 22
		}
	],
	"BP_Jelly1_C_43_6047E31F4546CF46EEDCEF808FA1E694": [
		{
			"Type": 1,
			"LocationX": 10050.520574853697,
			"LocationY": 8738.4945615906545,
			"LocationZ": 137.17150375523016,
			"ExtentX": 75,
			"ExtentY": 75,
			"ExtentZ": 75,
			"Yaw": 0,
			"Roll": -0,
			"Pitch": 0,
			"index": 23
		}
	],
	"BP_Jelly1_C_44_97FC7D934842A0FC09A35E9FEC558136": [
		{
			"Type": 1,
			"LocationX": 11852.037693205659,
			"LocationY": 6625.4867554065077,
			"LocationZ": 133.96278614538386,
			"ExtentX": 75,
			"ExtentY": 75,
			"ExtentZ": 75,
			"Yaw": 0,
			"Roll": -0,
			"Pitch": 0,
			"index": 24
		}
	],
	"BP_Jelly1_C_45_BFE323BE4EE15E416BA0548B7D8B32E8": [
		{
			"Type": 1,
			"LocationX": 8939.891897292835,
			"LocationY": 13393.730275607471,
			"LocationZ": 137.48378887009625,
			"ExtentX": 75,
			"ExtentY": 75,
			"ExtentZ": 75,
			"Yaw": 0,
			"Roll": -0,
			"Pitch": 0,
			"index": 25
		}
	],
	"BP_Jelly1_C_46_BC13D4474AD9283EE16B039E0112F622": [
		{
			"Type": 1,
			"LocationX": 16271.013525238275,
			"LocationY": 13694.033551450219,
			"LocationZ": 147.0668793741483,
			"ExtentX": 75,
			"ExtentY": 75,