{
	"BP_Jelly1_C_1_CEB60DF94069475C019AB0838385A306": [
		{
			"Type": 1,
			"LocationX": -9.0258178331336012,
			"LocationY": 728.23817519955946,
			"LocationZ": 134.15235327435397,
			"ExtentX": 75,
			"ExtentY": 75,
			"ExtentZ": 75,
			"Yaw": 0,
			"Roll": -0,
			"Pitch": 0,
			"index": 0
		}
	],
	"BP_Jelly1_C_2_C381B11F4D8B5F58DD1073B99103E1DF": [
		{
			"Type": 1,
			"LocationX": -1308.2623553337537,
			"LocationY": 328.69099307367992,
			"LocationZ": 134.15236217614535,
			"ExtentX": 75,
			"ExtentY": 75,
			"ExtentZ": 75,
			"Yaw": 0,
			"Roll": -0,
			"Pitch": 0,
			"index": 1
		}
	],
	"BP_Jelly1_C_3_43D5D73E49BE1F866744669FA1AA3CE2": [
		{
			"Type": 1,
			"LocationX": -1308.2623563569593,
			"LocationY": -534.6483253397239,
			"LocationZ": 134.15236210215488,
			"ExtentX": 75,
			"ExtentY": 75,
			"ExtentZ": 75,
			"Yaw": 0,
			"Roll": -0,
			"Pitch": 0,
			"index": 2
		}
	],
	"BP_Jelly1_C_0_85C5FDBE427C45F78FF0608DBF26363C": [
		{
			"Type": 1,
			"LocationX": -310.83330480800902,
			"LocationY": -1443.7981008119064,
			"LocationZ": 134.1523703321937,
			"ExtentX": 75,
			"ExtentY": 75,
			"ExtentZ": 75,
			"Yaw": 0,
			"Roll": -0,
			"Pitch": 0,
			"index": 3
		}
	],
	"BP_Jelly1_C_4_A44C6A10433E27A625E0D997FADC259E": [
		{
			"Type": 1,
			"LocationX": 461.34846435496326,
			"LocationY": 210.46479732977716,
			"LocationZ": 134.15236064159973,
			"ExtentX": 75,
			"ExtentY": 75,
			"ExtentZ": 75,
			"Yaw": 0,
			"Roll": -0,
			"Pitch": 0,
			"index": 4
		}
	]
}