{
	"BP_Present_01_C_0_1E9369DA479B0CBFDE14FB9F1D07D909": [
		{
			"Type": 1,
			"LocationX": 3091.0069690035593,
			"LocationY": 9224.5869128249524,
			"LocationZ": 293.2864930140945,
			"ExtentX": 97.888800000000003,
			"ExtentY": 95.9131,
			"ExtentZ": 80.063760000000002,
			"Yaw": -99.999999000000017,
			"Roll": 0,
			"Pitch": -0
		}
	],
	"BP_Present_05_C_0_C9F4FB9846374594AD1C39BDA53417E9": [
		{
			"Type": 1,
			"LocationX": 3134.0069672983991,
			"LocationY": 9458.5869128249524,
			"LocationZ": 85.28649105335586,
			"ExtentX": 97.888805740512908,
			"ExtentY": 95.913083630148321,
			"ExtentZ": 80.063778829062358,
			"Yaw": 0,
			"Roll": -0,
			"Pitch": 0
		}
	],
	"BP_LV2Floor_C_0_DF8B38A4487441F7CD540CA0F568646C": [
		{
			"Type": 1,
			"LocationX": 14621.896917542301,
			"LocationY": 15363.026389226008,
			"LocationZ": -63.593318939208984,
			"ExtentX": 14276.43129453063,
			"ExtentY": 14259.98145416379,
			"ExtentZ": 32,
			"Yaw": 0,
			"Roll": -0,
			"Pitch": 0
		}
	]
}