{
	"BP_Lv3_Floor_C_1_5864E22E4BC26E2F31B174AEB83C8146": [
		{
			"Type": 1,
			"LocationX": 15002.024989263504,
			"LocationY": 12601.730310069681,
			"LocationZ": 0,
			"ExtentX": 15074.317910194397,
			"ExtentY": 12832.365348663181,
			"ExtentZ": 50.841589143034071,
			"Yaw": 0,
			"Roll": -0,
			"Pitch": 0
		}
	]
}