{
	"BP_Jelly_C_0_1FE48EB74E28DE62A0B065A8656DF050": [
		{
			"Type": "Box",
			"LocationX": 1270.0370070963863,
			"LocationY": 469.92004066323182,
			"LocationZ": 91.14853331972995,
			"ExtentX": 93.120000064373016,
			"ExtentY": 96,
			"ExtentZ": 92.160000085830688,
			"Yaw": 0,
			"Roll": -0,
			"Pitch": 0
		}
	],
	"BP_Jelly_C_1_BEC23171417EF9DA3E0C31817C10E1C3": [
		{
			"Type": "Box",
			"LocationX": -6.4046466263789625e-07,
			"LocationY": -2.9612410164153196,
			"LocationZ": 91.148520908279352,
			"ExtentX": 93.120000064373016,
			"ExtentY": 96,
			"ExtentZ": 92.160000085830688,
			"Yaw": 0,
			"Roll": -0,
			"Pitch": 0
		}
	],
	"BP_Jelly_C_2_7C6994DC4C2C2256AB04DCA701F3A03A": [
		{
			"Type": "Box",
			"LocationX": 1270.0369938935496,
			"LocationY": -1737.7625449631532,
			"LocationZ": 91.148532908279094,
			"ExtentX": 93.120000064373016,
			"ExtentY": 96,
			"ExtentZ": 92.160000085830688,
			"Yaw": 0,
			"Roll": -0,
			"Pitch": 0
		}
	],
	"BP_Jelly_C_3_54FF57554EB4CD848E1E389D77EC9DAD": [
		{
			"Type": "Box",
			"LocationX": 3787.8649914376115,
			"LocationY": -1737.7625378051775,
			"LocationZ": 91.148532908277275,
			"ExtentX": 93.120000064373016,
			"ExtentY": 96,
			"ExtentZ": 92.160000085830688,
			"Yaw": 0,
			"Roll": -0,
			"Pitch": 0
		}
	],
	"BP_Jelly_C_4_8ABF26E3413F55308A1CB3B4BD444E6C": [
		{
			"Type": "Box",
			"LocationX": 3787.8650307894936,
			"LocationY": 874.52331167210934,
			"LocationZ": 91.148532908280458,
			"ExtentX": 93.120000064373016,
			"ExtentY": 96,
			"ExtentZ": 92.160000085830688,
			"Yaw": 0,
			"Roll": -0,
			"Pitch": 0
		}
	],
	"BP_Jelly_C_5_E6C130684B3E483BA697EEAE3647810B": [
		{
			"Type": "Box",
			"LocationX": 3787.865030359535,
			"LocationY": 2362.19225790364,
			"LocationZ": 91.148530686631375,
			"ExtentX": 93.120000064373016,
			"ExtentY": 96,
			"ExtentZ": 92.160000085830688,
			"Yaw": 0,
			"Roll": -0,
			"Pitch": 0
		}
	],
	"BP_Jelly_C_7_5F9652F044800D5595ECF29D8F7CFE93": [
		{
			"Type": "Box",
			"LocationX": 5827.9197611132313,
			"LocationY": 3162.1922268862354,
			"LocationZ": 91.148530908278872,
			"ExtentX": 93.120000064373016,
			"ExtentY": 96,
			"ExtentZ": 92.160000085830688,
			"Yaw": 0,
			"Roll": -0,
			"Pitch": 0
		}
	],
	"BP_Jelly_C_8_6E8F618B4EC53FB0B1E09385762B6C9E": [
		{
			"Type": "Box",
			"LocationX": 7873.9197613595352,
			"LocationY": -521.16032037863613,
			"LocationZ": 91.148528527137159,
			"ExtentX": 93.120000064373016,
			"ExtentY": 96,
			"ExtentZ": 92.160000085830688,
			"Yaw": 0,
			"Roll": -0,
			"Pitch": 0
		}
	],
	"BP_Desk_C_1_44C07CCB49E7621BC5CBF18B55FB4B59": [
		{
			"Type": "Box",
			"LocationX": 9100.95856439618,
			"LocationY": -1946.7599431679228,
			"LocationZ": 666.9922330824437,
			"ExtentX": -95.836016535758972,
			"ExtentY": -90.62424436211586,
			"ExtentZ": -542.68879896402359,
			"Yaw": -179.99999860565364,
			"Roll": 0,
			"Pitch": -0
		},
		{
			"Type": "Box",
			"LocationX": 9116.7020289906632,
			"LocationY": -6224.9088117109532,
			"LocationZ": 618.21822534058515,
			"ExtentX": -95.836032000000003,
			"ExtentY": -90.624256000000003,
			"ExtentZ": -542.68880000000001,
			"Yaw": -179.99999860565364,
			"Roll": 0,
			"Pitch": -0
		},
		{
			"Type": "Box",
			"LocationX": 9141.7602176380169,
			"LocationY": -6220.8366265055884,
			"LocationZ": 49.532552522851574,
			"ExtentX": -73.87673710528982,
			"ExtentY": -90.624256000000003,
			"ExtentZ": -694.82042147998811,
			"Yaw": 1.1383648616687917e-06,
			"Roll": 179.99999974401851,
			"Pitch": 90
		},
		{
			"Type": "Box",
			"LocationX": 9141.7601138714617,
			"LocationY": -1946.4954415963825,
			"LocationZ": 49.532707549163888,
			"ExtentX": -73.876735999999994,
			"ExtentY": -90.624256000000003,
			"ExtentZ": -694.82041600000002,
			"Yaw": 1.1383648616687917e-06,
			"Roll": 179.99999974401851,
			"Pitch": 90
		},
		{
			"Type": "Box",
			"LocationX": 9819.5230303774788,
			"LocationY": -4006.1537267500612,
			"LocationZ": 1016.2840233791635,
			"ExtentX": -88.091273096019748,
			"ExtentY": -2312.5786943345638,
			"ExtentZ": -1035.9920458219676,
			"Yaw": -179.99999860565364,
			"Roll": 0,
			"Pitch": -0
		},
		{
			"Type": "Box",
			"LocationX": 9027.8502606150396,
			"LocationY": -4033.8144746603325,
			"LocationZ": 1438.8668920812238,
			"ExtentX": -721.20533520898368,
			"ExtentY": -2251.0602423901641,
			"ExtentZ": -48.467389410498072,
			"Yaw": -179.99999860565364,
			"Roll": 0,
			"Pitch": -0
		}
	]
}